-- --------------------------------------------------------
-- Host:                         127.0.0.1
-- Versión del servidor:         10.6.7-MariaDB - mariadb.org binary distribution
-- SO del servidor:              Win64
-- HeidiSQL Versión:             12.0.0.6468
-- --------------------------------------------------------

/*!40101 SET @OLD_CHARACTER_SET_CLIENT=@@CHARACTER_SET_CLIENT */;
/*!40101 SET NAMES utf8 */;
/*!50503 SET NAMES utf8mb4 */;
/*!40103 SET @OLD_TIME_ZONE=@@TIME_ZONE */;
/*!40103 SET TIME_ZONE='+00:00' */;
/*!40014 SET @OLD_FOREIGN_KEY_CHECKS=@@FOREIGN_KEY_CHECKS, FOREIGN_KEY_CHECKS=0 */;
/*!40101 SET @OLD_SQL_MODE=@@SQL_MODE, SQL_MODE='NO_AUTO_VALUE_ON_ZERO' */;
/*!40111 SET @OLD_SQL_NOTES=@@SQL_NOTES, SQL_NOTES=0 */;


-- Volcando estructura de base de datos para monedas
DROP DATABASE IF EXISTS `monedas`;
CREATE DATABASE IF NOT EXISTS `monedas` /*!40100 DEFAULT CHARACTER SET utf8mb3 */;
USE `monedas`;

-- Volcando estructura para tabla monedas.cambiomoneda
DROP TABLE IF EXISTS `cambiomoneda`;
CREATE TABLE IF NOT EXISTS `cambiomoneda` (
  `IdMoneda` int(11) NOT NULL,
  `Fecha` datetime NOT NULL,
  `Cambio` float NOT NULL,
  UNIQUE KEY `ixCambioMoneda` (`IdMoneda`,`Fecha`),
  CONSTRAINT `fkCambioMoneda_IdMoneda` FOREIGN KEY (`IdMoneda`) REFERENCES `moneda` (`Id`)
) ENGINE=InnoDB DEFAULT CHARSET=utf8mb3;

-- Volcando datos para la tabla monedas.cambiomoneda: ~1.869 rows (aproximadamente)
DELETE FROM `cambiomoneda`;
INSERT INTO `cambiomoneda` (`IdMoneda`, `Fecha`, `Cambio`) VALUES
	(7, '2018-01-01 00:00:00', 6.5073),
	(7, '2018-01-02 00:00:00', 6.5448),
	(7, '2018-01-03 00:00:00', 6.5555),
	(7, '2018-01-05 00:00:00', 6.5656),
	(7, '2018-01-06 00:00:00', 6.5932),
	(7, '2018-01-07 00:00:00', 6.599),
	(7, '2018-01-08 00:00:00', 6.6048),
	(7, '2018-01-09 00:00:00', 6.6255),
	(7, '2018-01-10 00:00:00', 6.6588),
	(7, '2018-01-11 00:00:00', 6.7082),
	(7, '2018-01-12 00:00:00', 6.5892),
	(7, '2018-01-13 00:00:00', 6.694),
	(7, '2018-01-15 00:00:00', 6.708),
	(7, '2018-01-16 00:00:00', 6.773),
	(7, '2018-01-17 00:00:00', 6.7955),
	(7, '2018-01-19 00:00:00', 6.8074),
	(7, '2018-01-20 00:00:00', 6.8255),
	(7, '2018-01-21 00:00:00', 6.8845),
	(7, '2018-01-22 00:00:00', 6.9325),
	(7, '2018-01-23 00:00:00', 7.901),
	(7, '2018-01-24 00:00:00', 7.9908),
	(7, '2018-01-26 00:00:00', 7.9191),
	(7, '2018-01-27 00:00:00', 7.9908),
	(7, '2018-01-28 00:00:00', 8.0157),
	(7, '2018-01-29 00:00:00', 8.003),
	(7, '2018-01-30 00:00:00', 8.0055),
	(7, '2018-01-31 00:00:00', 8.0188),
	(7, '2018-02-02 00:00:00', 8.0189),
	(7, '2018-02-03 00:00:00', 8.0132),
	(7, '2018-02-04 00:00:00', 8.008),
	(7, '2018-02-05 00:00:00', 7.8955),
	(7, '2018-02-06 00:00:00', 7.878),
	(7, '2018-02-07 00:00:00', 7.8412),
	(7, '2018-02-09 00:00:00', 7.8498),
	(7, '2018-02-10 00:00:00', 7.8125),
	(7, '2018-02-11 00:00:00', 7.8205),
	(7, '2018-02-12 00:00:00', 7.8108),
	(7, '2018-02-13 00:00:00', 7.8103),
	(7, '2018-02-14 00:00:00', 7.81),
	(7, '2018-02-16 00:00:00', 7.8154),
	(7, '2018-02-17 00:00:00', 7.7582),
	(7, '2018-02-18 00:00:00', 7.7605),
	(7, '2018-02-19 00:00:00', 7.7808),
	(7, '2018-02-21 00:00:00', 7.8432),
	(7, '2018-02-22 00:00:00', 7.8155),
	(7, '2018-02-23 00:00:00', 7.7976),
	(7, '2018-02-24 00:00:00', 7.8535),
	(7, '2018-02-25 00:00:00', 7.868),
	(7, '2018-02-26 00:00:00', 7.877),
	(7, '2018-02-27 00:00:00', 7.8855),
	(7, '2018-02-28 00:00:00', 7.8855),
	(7, '2018-03-02 00:00:00', 7.8955),
	(7, '2018-03-03 00:00:00', 7.8852),
	(7, '2018-03-04 00:00:00', 7.885),
	(7, '2018-03-05 00:00:00', 7.8848),
	(7, '2018-03-06 00:00:00', 7.8845),
	(7, '2018-03-07 00:00:00', 7.8615),
	(7, '2018-03-09 00:00:00', 7.8624),
	(7, '2018-03-10 00:00:00', 7.8608),
	(7, '2018-03-11 00:00:00', 7.864),
	(7, '2018-03-12 00:00:00', 7.8773),
	(7, '2018-03-13 00:00:00', 7.8758),
	(7, '2018-03-14 00:00:00', 7.8932),
	(7, '2018-03-16 00:00:00', 7.8619),
	(7, '2018-03-17 00:00:00', 7.9175),
	(7, '2018-03-18 00:00:00', 7.9458),
	(7, '2018-03-19 00:00:00', 7.9508),
	(7, '2018-03-20 00:00:00', 7.9507),
	(7, '2018-03-21 00:00:00', 7.9658),
	(7, '2018-03-23 00:00:00', 7.9507),
	(7, '2018-03-24 00:00:00', 7.9655),
	(7, '2018-03-25 00:00:00', 8.0055),
	(7, '2018-03-26 00:00:00', 8.0025),
	(7, '2018-03-27 00:00:00', 8.0045),
	(7, '2018-03-28 00:00:00', 8.0032),
	(7, '2018-03-30 00:00:00', 7.994),
	(7, '2018-03-31 00:00:00', 8.001),
	(7, '2018-04-01 00:00:00', 8.0013),
	(7, '2018-04-02 00:00:00', 7.998),
	(7, '2018-04-03 00:00:00', 8.0032),
	(7, '2018-04-04 00:00:00', 8.003),
	(7, '2018-04-06 00:00:00', 8.003),
	(7, '2018-04-07 00:00:00', 8.0002),
	(7, '2018-04-08 00:00:00', 8.0008),
	(7, '2018-04-09 00:00:00', 8.0008),
	(7, '2018-04-10 00:00:00', 8.0007),
	(7, '2018-04-11 00:00:00', 8.0003),
	(7, '2018-04-13 00:00:00', 8.0261),
	(7, '2018-04-14 00:00:00', 8.0008),
	(7, '2018-04-15 00:00:00', 8.0008),
	(7, '2018-04-16 00:00:00', 8.0008),
	(7, '2018-04-17 00:00:00', 8.0008),
	(7, '2018-04-18 00:00:00', 8.0008),
	(7, '2018-04-20 00:00:00', 8.0233),
	(7, '2018-04-21 00:00:00', 8.0032),
	(7, '2018-04-22 00:00:00', 8.0008),
	(7, '2018-04-23 00:00:00', 8.0008),
	(7, '2018-04-24 00:00:00', 8.0008),
	(7, '2018-04-25 00:00:00', 8.0008),
	(7, '2018-04-27 00:00:00', 7.9965),
	(7, '2018-04-28 00:00:00', 8.0008),
	(7, '2018-04-29 00:00:00', 8.0008),
	(7, '2018-04-30 00:00:00', 8.0008),
	(7, '2018-05-01 00:00:00', 8.0007),
	(7, '2018-05-02 00:00:00', 8.0005),
	(7, '2018-05-04 00:00:00', 8.0005),
	(7, '2018-05-05 00:00:00', 8.0013),
	(7, '2018-05-06 00:00:00', 8.002),
	(7, '2018-05-07 00:00:00', 8.0007),
	(7, '2018-05-08 00:00:00', 8.0005),
	(7, '2018-05-09 00:00:00', 8.002),
	(7, '2018-05-11 00:00:00', 8.0015),
	(7, '2018-05-12 00:00:00', 8.0125),
	(7, '2018-05-13 00:00:00', 8.0208),
	(7, '2018-05-14 00:00:00', 8.0207),
	(7, '2018-05-15 00:00:00', 8.0575),
	(7, '2018-05-16 00:00:00', 8.0605),
	(7, '2018-05-18 00:00:00', 8.0518),
	(7, '2018-05-19 00:00:00', 8.0655),
	(7, '2018-05-20 00:00:00', 8.0598),
	(7, '2018-05-21 00:00:00', 8.0595),
	(7, '2018-05-22 00:00:00', 8.0608),
	(7, '2018-05-23 00:00:00', 8.0605),
	(7, '2018-05-25 00:00:00', 8.0629),
	(7, '2018-05-26 00:00:00', 8.0633),
	(7, '2018-05-27 00:00:00', 8.063),
	(7, '2018-05-28 00:00:00', 8.0745),
	(7, '2018-05-29 00:00:00', 8.0742),
	(7, '2018-05-30 00:00:00', 8.0785),
	(7, '2018-06-01 00:00:00', 8.0835),
	(7, '2018-06-02 00:00:00', 8.0805),
	(7, '2018-06-03 00:00:00', 8.093),
	(7, '2018-06-04 00:00:00', 8.1065),
	(7, '2018-06-05 00:00:00', 8.1205),
	(7, '2018-06-06 00:00:00', 8.143),
	(7, '2018-06-08 00:00:00', 8.1107),
	(7, '2018-06-09 00:00:00', 8.128),
	(7, '2018-06-10 00:00:00', 8.1295),
	(7, '2018-06-11 00:00:00', 8.128),
	(7, '2018-06-12 00:00:00', 8.1275),
	(7, '2018-06-13 00:00:00', 8.1308),
	(7, '2018-06-15 00:00:00', 8.1341),
	(7, '2018-06-16 00:00:00', 8.1305),
	(7, '2018-06-17 00:00:00', 8.128),
	(7, '2018-06-18 00:00:00', 8.128),
	(7, '2018-06-19 00:00:00', 8.1305),
	(7, '2018-06-20 00:00:00', 8.1305),
	(7, '2018-06-22 00:00:00', 8.1305),
	(7, '2018-06-23 00:00:00', 8.1332),
	(7, '2018-06-24 00:00:00', 8.1332),
	(7, '2018-06-25 00:00:00', 8.1332),
	(7, '2018-06-26 00:00:00', 8.1305),
	(7, '2018-06-27 00:00:00', 8.1318),
	(7, '2018-06-29 00:00:00', 8.1357),
	(7, '2018-06-30 00:00:00', 8.1315),
	(7, '2018-07-01 00:00:00', 8.1312),
	(7, '2018-07-02 00:00:00', 8.138),
	(7, '2018-07-03 00:00:00', 8.1395),
	(7, '2018-07-04 00:00:00', 8.1387),
	(7, '2018-07-06 00:00:00', 8.1444),
	(7, '2018-07-07 00:00:00', 8.1385),
	(7, '2018-07-08 00:00:00', 8.1405),
	(7, '2018-07-09 00:00:00', 8.1405),
	(7, '2018-07-10 00:00:00', 8.1405),
	(7, '2018-07-11 00:00:00', 8.152),
	(7, '2018-07-13 00:00:00', 8.1557),
	(7, '2018-07-14 00:00:00', 8.148),
	(7, '2018-07-15 00:00:00', 8.148),
	(7, '2018-07-16 00:00:00', 8.1478),
	(7, '2018-07-17 00:00:00', 8.1475),
	(7, '2018-07-18 00:00:00', 8.1473),
	(7, '2018-07-20 00:00:00', 8.1428),
	(7, '2018-07-21 00:00:00', 8.1632),
	(7, '2018-07-22 00:00:00', 8.1695),
	(7, '2018-07-23 00:00:00', 8.1685),
	(7, '2018-07-24 00:00:00', 8.168),
	(7, '2018-07-25 00:00:00', 8.168),
	(7, '2018-07-27 00:00:00', 8.1693),
	(7, '2018-07-28 00:00:00', 8.1769),
	(7, '2018-07-29 00:00:00', 8.1855),
	(7, '2018-07-30 00:00:00', 8.1855),
	(7, '2018-07-31 00:00:00', 8.2137),
	(7, '2018-08-01 00:00:00', 8.2358),
	(7, '2018-08-03 00:00:00', 8.2357),
	(7, '2018-08-04 00:00:00', 8.2613),
	(7, '2018-08-05 00:00:00', 8.2625),
	(7, '2018-08-06 00:00:00', 8.2662),
	(7, '2018-08-07 00:00:00', 8.264),
	(7, '2018-08-08 00:00:00', 8.2664),
	(7, '2018-08-10 00:00:00', 8.2706),
	(7, '2018-08-11 00:00:00', 8.2638),
	(7, '2018-08-12 00:00:00', 8.2638),
	(7, '2018-08-13 00:00:00', 8.2705),
	(7, '2018-08-14 00:00:00', 8.2755),
	(7, '2018-08-15 00:00:00', 8.2753),
	(7, '2018-08-17 00:00:00', 8.2673),
	(7, '2018-08-18 00:00:00', 8.2752),
	(7, '2018-08-19 00:00:00', 8.283),
	(7, '2018-08-20 00:00:00', 8.3225),
	(7, '2018-08-21 00:00:00', 8.3938),
	(7, '2018-08-22 00:00:00', 8.3925),
	(7, '2018-08-24 00:00:00', 8.4189),
	(7, '2018-08-25 00:00:00', 8.392),
	(7, '2018-08-26 00:00:00', 8.3917),
	(7, '2018-08-27 00:00:00', 8.4055),
	(7, '2018-08-28 00:00:00', 8.4015),
	(7, '2018-08-29 00:00:00', 8.4013),
	(7, '2018-08-31 00:00:00', 8.4044),
	(7, '2018-09-01 00:00:00', 8.403),
	(7, '2018-09-02 00:00:00', 8.4005),
	(7, '2018-09-03 00:00:00', 8.4155),
	(7, '2018-09-04 00:00:00', 8.4015),
	(7, '2018-09-05 00:00:00', 8.4155),
	(7, '2018-09-07 00:00:00', 8.4034),
	(7, '2018-09-08 00:00:00', 8.405),
	(7, '2018-09-09 00:00:00', 8.4027),
	(7, '2018-09-10 00:00:00', 8.4005),
	(7, '2018-09-11 00:00:00', 8.4005),
	(7, '2018-09-12 00:00:00', 8.401),
	(7, '2018-09-14 00:00:00', 8.3804),
	(7, '2018-09-15 00:00:00', 8.4017),
	(7, '2018-09-16 00:00:00', 8.4012),
	(7, '2018-09-17 00:00:00', 8.401),
	(7, '2018-09-18 00:00:00', 8.4005),
	(7, '2018-09-19 00:00:00', 8.4205),
	(7, '2018-09-21 00:00:00', 8.4159),
	(7, '2018-09-22 00:00:00', 8.428),
	(7, '2018-09-23 00:00:00', 8.426),
	(7, '2018-09-24 00:00:00', 8.42),
	(7, '2018-09-25 00:00:00', 8.421),
	(7, '2018-09-26 00:00:00', 8.4495),
	(7, '2018-09-28 00:00:00', 8.4683),
	(7, '2018-09-29 00:00:00', 8.481),
	(7, '2018-09-30 00:00:00', 8.4335),
	(7, '2018-10-01 00:00:00', 8.4505),
	(7, '2018-10-02 00:00:00', 8.4405),
	(7, '2018-10-03 00:00:00', 8.4455),
	(7, '2018-10-05 00:00:00', 8.5123),
	(7, '2018-10-06 00:00:00', 8.4705),
	(7, '2018-10-07 00:00:00', 8.4545),
	(7, '2018-10-08 00:00:00', 8.4585),
	(7, '2018-10-09 00:00:00', 8.4705),
	(7, '2018-10-10 00:00:00', 8.4765),
	(7, '2018-10-12 00:00:00', 8.4904),
	(7, '2018-10-13 00:00:00', 8.4755),
	(7, '2018-10-14 00:00:00', 8.4715),
	(7, '2018-10-15 00:00:00', 8.4735),
	(7, '2018-10-16 00:00:00', 8.4765),
	(7, '2018-10-17 00:00:00', 8.4735),
	(7, '2018-10-19 00:00:00', 8.4803),
	(7, '2018-10-20 00:00:00', 8.4735),
	(7, '2018-10-21 00:00:00', 8.4905),
	(7, '2018-10-22 00:00:00', 8.4905),
	(7, '2018-10-23 00:00:00', 8.4855),
	(7, '2018-10-24 00:00:00', 8.4855),
	(7, '2018-10-26 00:00:00', 8.4702),
	(7, '2018-10-27 00:00:00', 8.493),
	(7, '2018-10-28 00:00:00', 8.501),
	(7, '2018-10-29 00:00:00', 8.5005),
	(7, '2018-10-30 00:00:00', 8.5005),
	(7, '2018-10-31 00:00:00', 8.503),
	(7, '2018-11-02 00:00:00', 8.5547),
	(7, '2018-11-03 00:00:00', 8.508),
	(7, '2018-11-04 00:00:00', 8.5055),
	(7, '2018-11-05 00:00:00', 8.5055),
	(7, '2018-11-06 00:00:00', 8.5055),
	(7, '2018-11-07 00:00:00', 8.5095),
	(7, '2018-11-09 00:00:00', 8.4606),
	(7, '2018-11-10 00:00:00', 8.5085),
	(7, '2018-11-11 00:00:00', 8.508),
	(7, '2018-11-12 00:00:00', 8.5115),
	(7, '2018-11-13 00:00:00', 8.508),
	(7, '2018-11-14 00:00:00', 8.5095),
	(7, '2018-11-16 00:00:00', 8.4575),
	(7, '2018-11-17 00:00:00', 8.5105),
	(7, '2018-11-18 00:00:00', 8.5125),
	(7, '2018-11-19 00:00:00', 8.5155),
	(7, '2018-11-20 00:00:00', 8.5155),
	(7, '2018-11-21 00:00:00', 8.5155),
	(7, '2018-11-23 00:00:00', 8.5284),
	(7, '2018-11-24 00:00:00', 8.5155),
	(7, '2018-11-25 00:00:00', 8.518),
	(7, '2018-11-26 00:00:00', 8.522),
	(7, '2018-11-27 00:00:00', 8.5208),
	(7, '2018-11-28 00:00:00', 8.528),
	(7, '2018-11-30 00:00:00', 8.546),
	(7, '2018-12-01 00:00:00', 8.5312),
	(7, '2018-12-02 00:00:00', 8.533),
	(7, '2018-12-03 00:00:00', 8.5435),
	(7, '2018-12-04 00:00:00', 8.5485),
	(7, '2018-12-05 00:00:00', 8.543),
	(7, '2018-12-07 00:00:00', 8.5371),
	(7, '2018-12-08 00:00:00', 8.545),
	(7, '2018-12-09 00:00:00', 8.553),
	(7, '2018-12-10 00:00:00', 8.5505),
	(7, '2018-12-11 00:00:00', 8.5535),
	(7, '2018-12-12 00:00:00', 8.5535),
	(7, '2018-12-14 00:00:00', 8.5532),
	(7, '2018-12-15 00:00:00', 8.5505),
	(7, '2018-12-16 00:00:00', 8.5505),
	(7, '2018-12-17 00:00:00', 8.551),
	(7, '2018-12-18 00:00:00', 8.551),
	(7, '2018-12-19 00:00:00', 8.5505),
	(7, '2018-12-21 00:00:00', 8.5534),
	(7, '2018-12-22 00:00:00', 8.5505),
	(7, '2018-12-23 00:00:00', 8.5505),
	(7, '2018-12-24 00:00:00', 8.5508),
	(7, '2018-12-25 00:00:00', 8.5508),
	(7, '2018-12-26 00:00:00', 8.5507),
	(7, '2018-12-28 00:00:00', 8.5687),
	(7, '2018-12-29 00:00:00', 8.5535),
	(7, '2018-12-30 00:00:00', 8.5505),
	(7, '2018-12-31 00:00:00', 8.4648),
	(7, '2019-01-02 00:00:00', 8.5555),
	(7, '2019-01-04 00:00:00', 8.5967),
	(7, '2019-01-05 00:00:00', 8.5515),
	(7, '2019-01-06 00:00:00', 8.548),
	(7, '2019-01-07 00:00:00', 8.573),
	(7, '2019-01-08 00:00:00', 8.5885),
	(7, '2019-01-09 00:00:00', 8.5895),
	(7, '2019-01-11 00:00:00', 8.5702),
	(7, '2019-01-12 00:00:00', 8.59),
	(7, '2019-01-13 00:00:00', 8.5905),
	(7, '2019-01-14 00:00:00', 8.591),
	(7, '2019-01-15 00:00:00', 8.596),
	(7, '2019-01-16 00:00:00', 8.6005),
	(7, '2019-01-18 00:00:00', 8.6044),
	(7, '2019-01-19 00:00:00', 8.605),
	(7, '2019-01-20 00:00:00', 8.6113),
	(7, '2019-01-21 00:00:00', 8.6125),
	(7, '2019-01-22 00:00:00', 8.6205),
	(7, '2019-01-23 00:00:00', 8.6192),
	(7, '2019-01-25 00:00:00', 8.6798),
	(7, '2019-01-26 00:00:00', 8.628),
	(7, '2019-01-27 00:00:00', 8.6285),
	(7, '2019-01-28 00:00:00', 8.631),
	(7, '2019-01-29 00:00:00', 8.631),
	(7, '2019-01-30 00:00:00', 8.633),
	(7, '2019-02-01 00:00:00', 8.6159),
	(7, '2019-02-02 00:00:00', 8.6505),
	(7, '2019-02-03 00:00:00', 8.651),
	(7, '2019-02-04 00:00:00', 8.6505),
	(7, '2019-02-05 00:00:00', 8.653),
	(7, '2019-02-06 00:00:00', 8.6605),
	(7, '2019-02-08 00:00:00', 8.661),
	(7, '2019-02-09 00:00:00', 8.6665),
	(7, '2019-02-10 00:00:00', 8.665),
	(7, '2019-02-11 00:00:00', 8.6685),
	(7, '2019-02-12 00:00:00', 8.6725),
	(7, '2019-02-13 00:00:00', 8.6805),
	(7, '2019-02-15 00:00:00', 8.6716),
	(7, '2019-02-16 00:00:00', 8.681),
	(7, '2019-02-17 00:00:00', 8.681),
	(7, '2019-02-18 00:00:00', 8.691),
	(7, '2019-02-19 00:00:00', 8.6935),
	(7, '2019-02-20 00:00:00', 8.703),
	(7, '2019-02-22 00:00:00', 8.7029),
	(7, '2019-02-23 00:00:00', 8.703),
	(7, '2019-02-24 00:00:00', 8.7155),
	(7, '2019-02-25 00:00:00', 8.718),
	(7, '2019-02-26 00:00:00', 8.7255),
	(7, '2019-02-27 00:00:00', 8.7215),
	(21, '2018-01-01 00:00:00', 2.3621),
	(21, '2018-01-02 00:00:00', 2.3876),
	(21, '2018-01-03 00:00:00', 2.3765),
	(21, '2018-01-05 00:00:00', 2.3765),
	(21, '2018-01-06 00:00:00', 2.3761),
	(21, '2018-01-07 00:00:00', 2.3725),
	(21, '2018-01-08 00:00:00', 2.3967),
	(21, '2018-01-09 00:00:00', 2.3904),
	(21, '2018-01-10 00:00:00', 2.3584),
	(21, '2018-01-12 00:00:00', 2.3585),
	(21, '2018-01-13 00:00:00', 2.3598),
	(21, '2018-01-14 00:00:00', 2.3503),
	(21, '2018-01-15 00:00:00', 2.3605),
	(21, '2018-01-16 00:00:00', 2.3636),
	(21, '2018-01-17 00:00:00', 2.3426),
	(21, '2018-01-19 00:00:00', 2.366),
	(21, '2018-01-20 00:00:00', 2.3443),
	(21, '2018-01-21 00:00:00', 2.3575),
	(21, '2018-01-22 00:00:00', 2.3731),
	(21, '2018-01-23 00:00:00', 2.3958),
	(21, '2018-01-24 00:00:00', 2.3982),
	(21, '2018-01-26 00:00:00', 2.3982),
	(21, '2018-01-27 00:00:00', 2.4215),
	(21, '2018-01-28 00:00:00', 2.4263),
	(21, '2018-01-29 00:00:00', 2.4352),
	(21, '2018-01-30 00:00:00', 2.4118),
	(21, '2018-01-31 00:00:00', 2.4127),
	(21, '2018-02-02 00:00:00', 2.4409),
	(21, '2018-02-03 00:00:00', 2.4402),
	(21, '2018-02-04 00:00:00', 2.4055),
	(21, '2018-02-05 00:00:00', 2.3986),
	(21, '2018-02-06 00:00:00', 2.3825),
	(21, '2018-02-07 00:00:00', 2.3802),
	(21, '2018-02-09 00:00:00', 2.3802),
	(21, '2018-02-10 00:00:00', 2.409),
	(21, '2018-02-11 00:00:00', 2.4005),
	(21, '2018-02-12 00:00:00', 2.4255),
	(21, '2018-02-13 00:00:00', 2.3938),
	(21, '2018-02-14 00:00:00', 2.3891),
	(21, '2018-02-16 00:00:00', 2.3891),
	(21, '2018-02-17 00:00:00', 2.39),
	(21, '2018-02-18 00:00:00', 2.3955),
	(21, '2018-02-19 00:00:00', 2.3942),
	(21, '2018-02-20 00:00:00', 2.3704),
	(21, '2018-02-21 00:00:00', 2.3455),
	(21, '2018-02-23 00:00:00', 2.3456),
	(21, '2018-02-24 00:00:00', 2.3392),
	(21, '2018-02-25 00:00:00', 2.3411),
	(21, '2018-02-26 00:00:00', 2.3497),
	(21, '2018-02-27 00:00:00', 2.322),
	(21, '2018-02-28 00:00:00', 2.3384),
	(21, '2018-03-02 00:00:00', 2.3384),
	(21, '2018-03-03 00:00:00', 2.3441),
	(21, '2018-03-04 00:00:00', 2.3412),
	(21, '2018-03-05 00:00:00', 2.3181),
	(21, '2018-03-06 00:00:00', 2.3232),
	(21, '2018-03-07 00:00:00', 2.3405),
	(21, '2018-03-09 00:00:00', 2.3406),
	(21, '2018-03-10 00:00:00', 2.3497),
	(21, '2018-03-11 00:00:00', 2.3642),
	(21, '2018-03-12 00:00:00', 2.3525),
	(21, '2018-03-13 00:00:00', 2.3641),
	(21, '2018-03-14 00:00:00', 2.3465),
	(21, '2018-03-16 00:00:00', 2.3455),
	(21, '2018-03-17 00:00:00', 2.3495),
	(21, '2018-03-18 00:00:00', 2.3342),
	(21, '2018-03-19 00:00:00', 2.3478),
	(21, '2018-03-20 00:00:00', 2.3281),
	(21, '2018-03-21 00:00:00', 2.3246),
	(21, '2018-03-23 00:00:00', 2.3248),
	(21, '2018-03-24 00:00:00', 2.3225),
	(21, '2018-03-25 00:00:00', 2.3114),
	(21, '2018-03-26 00:00:00', 2.3041),
	(21, '2018-03-27 00:00:00', 2.2593),
	(21, '2018-03-28 00:00:00', 2.2618),
	(21, '2018-03-30 00:00:00', 2.2611),
	(21, '2018-03-31 00:00:00', 2.2721),
	(21, '2018-04-01 00:00:00', 2.2607),
	(21, '2018-04-02 00:00:00', 2.2691),
	(21, '2018-04-03 00:00:00', 2.2793),
	(21, '2018-04-04 00:00:00', 2.2361),
	(21, '2018-04-06 00:00:00', 2.2358),
	(21, '2018-04-07 00:00:00', 2.2189),
	(21, '2018-04-08 00:00:00', 2.2012),
	(21, '2018-04-09 00:00:00', 2.1856),
	(21, '2018-04-10 00:00:00', 2.2067),
	(21, '2018-04-11 00:00:00', 2.2184),
	(21, '2018-04-13 00:00:00', 2.2189),
	(21, '2018-04-14 00:00:00', 2.214),
	(21, '2018-04-15 00:00:00', 2.233),
	(21, '2018-04-16 00:00:00', 2.2437),
	(21, '2018-04-17 00:00:00', 2.2376),
	(21, '2018-04-18 00:00:00', 2.2372),
	(21, '2018-04-20 00:00:00', 2.2332),
	(21, '2018-04-21 00:00:00', 2.237),
	(21, '2018-04-22 00:00:00', 2.238),
	(21, '2018-04-23 00:00:00', 2.2212),
	(21, '2018-04-24 00:00:00', 2.2138),
	(21, '2018-04-25 00:00:00', 2.2445),
	(21, '2018-04-27 00:00:00', 2.2438),
	(21, '2018-04-28 00:00:00', 2.2237),
	(21, '2018-04-29 00:00:00', 2.2359),
	(21, '2018-04-30 00:00:00', 2.233),
	(21, '2018-05-01 00:00:00', 2.2335),
	(21, '2018-05-02 00:00:00', 2.22),
	(21, '2018-05-04 00:00:00', 2.22),
	(21, '2018-05-05 00:00:00', 2.2431),
	(21, '2018-05-06 00:00:00', 2.2292),
	(21, '2018-05-07 00:00:00', 2.2166),
	(21, '2018-05-08 00:00:00', 2.2153),
	(21, '2018-05-09 00:00:00', 2.2128),
	(21, '2018-05-11 00:00:00', 2.2125),
	(21, '2018-05-12 00:00:00', 2.2145),
	(21, '2018-05-13 00:00:00', 2.2151),
	(21, '2018-05-14 00:00:00', 2.2025),
	(21, '2018-05-15 00:00:00', 2.2203),
	(21, '2018-05-16 00:00:00', 2.2146),
	(21, '2018-05-18 00:00:00', 2.2153),
	(21, '2018-05-19 00:00:00', 2.2058),
	(21, '2018-05-20 00:00:00', 2.2165),
	(21, '2018-05-21 00:00:00', 2.2075),
	(21, '2018-05-22 00:00:00', 2.2153),
	(21, '2018-05-23 00:00:00', 2.2235),
	(21, '2018-05-25 00:00:00', 2.224),
	(21, '2018-05-26 00:00:00', 2.2239),
	(21, '2018-05-27 00:00:00', 2.2378),
	(21, '2018-05-28 00:00:00', 2.2325),
	(21, '2018-05-29 00:00:00', 2.2252),
	(21, '2018-05-30 00:00:00', 2.2407),
	(21, '2018-06-01 00:00:00', 2.2418),
	(21, '2018-06-02 00:00:00', 2.2769),
	(21, '2018-06-03 00:00:00', 2.2805),
	(21, '2018-06-04 00:00:00', 2.2781),
	(21, '2018-06-05 00:00:00', 2.2617),
	(21, '2018-06-06 00:00:00', 2.2475),
	(21, '2018-06-08 00:00:00', 2.2478),
	(21, '2018-06-09 00:00:00', 2.2277),
	(21, '2018-06-10 00:00:00', 2.2225),
	(21, '2018-06-11 00:00:00', 2.2335),
	(21, '2018-06-12 00:00:00', 2.23),
	(21, '2018-06-13 00:00:00', 2.2241),
	(21, '2018-06-15 00:00:00', 2.2246),
	(21, '2018-06-16 00:00:00', 2.2343),
	(21, '2018-06-17 00:00:00', 2.2618),
	(21, '2018-06-18 00:00:00', 2.228),
	(21, '2018-06-19 00:00:00', 2.2225),
	(21, '2018-06-20 00:00:00', 2.2295),
	(21, '2018-06-22 00:00:00', 2.2298),
	(21, '2018-06-23 00:00:00', 2.218),
	(21, '2018-06-24 00:00:00', 2.2252),
	(21, '2018-06-25 00:00:00', 2.2079),
	(21, '2018-06-26 00:00:00', 2.1969),
	(21, '2018-06-27 00:00:00', 2.194),
	(21, '2018-06-29 00:00:00', 2.1947),
	(21, '2018-06-30 00:00:00', 2.2144),
	(21, '2018-07-01 00:00:00', 2.2017),
	(21, '2018-07-02 00:00:00', 2.2252),
	(21, '2018-07-03 00:00:00', 2.2103),
	(21, '2018-07-04 00:00:00', 2.2132),
	(21, '2018-07-06 00:00:00', 2.2128),
	(21, '2018-07-07 00:00:00', 2.2239),
	(21, '2018-07-08 00:00:00', 2.2123),
	(21, '2018-07-09 00:00:00', 2.2123),
	(21, '2018-07-10 00:00:00', 2.2193),
	(21, '2018-07-11 00:00:00', 2.2208),
	(21, '2018-07-13 00:00:00', 2.2225),
	(21, '2018-07-14 00:00:00', 2.2107),
	(21, '2018-07-15 00:00:00', 2.2199),
	(21, '2018-07-16 00:00:00', 2.2239),
	(21, '2018-07-17 00:00:00', 2.2582),
	(21, '2018-07-18 00:00:00', 2.2255),
	(21, '2018-07-20 00:00:00', 2.2273),
	(21, '2018-07-21 00:00:00', 2.22),
	(21, '2018-07-22 00:00:00', 2.213),
	(21, '2018-07-23 00:00:00', 2.2182),
	(21, '2018-07-24 00:00:00', 2.2228),
	(21, '2018-07-25 00:00:00', 2.229),
	(21, '2018-07-27 00:00:00', 2.2271),
	(21, '2018-07-28 00:00:00', 2.2222),
	(21, '2018-07-29 00:00:00', 2.2304),
	(21, '2018-07-30 00:00:00', 2.2454),
	(21, '2018-07-31 00:00:00', 2.2639),
	(21, '2018-08-01 00:00:00', 2.2574),
	(21, '2018-08-03 00:00:00', 2.2573),
	(21, '2018-08-04 00:00:00', 2.2584),
	(21, '2018-08-05 00:00:00', 2.2818),
	(21, '2018-08-06 00:00:00', 2.2738),
	(21, '2018-08-07 00:00:00', 2.2957),
	(21, '2018-08-08 00:00:00', 2.2812),
	(21, '2018-08-10 00:00:00', 2.284),
	(21, '2018-08-11 00:00:00', 2.2755),
	(21, '2018-08-12 00:00:00', 2.2767),
	(21, '2018-08-13 00:00:00', 2.2803),
	(21, '2018-08-14 00:00:00', 2.2666),
	(21, '2018-08-15 00:00:00', 2.2598),
	(21, '2018-08-17 00:00:00', 2.2643),
	(21, '2018-08-18 00:00:00', 2.2576),
	(21, '2018-08-19 00:00:00', 2.2467),
	(21, '2018-08-20 00:00:00', 2.2623),
	(21, '2018-08-21 00:00:00', 2.2687),
	(21, '2018-08-22 00:00:00', 2.2778),
	(21, '2018-08-24 00:00:00', 2.2779),
	(21, '2018-08-25 00:00:00', 2.2883),
	(21, '2018-08-26 00:00:00', 2.2618),
	(21, '2018-08-27 00:00:00', 2.2471),
	(21, '2018-08-28 00:00:00', 2.2415),
	(21, '2018-08-29 00:00:00', 2.236),
	(21, '2018-08-31 00:00:00', 2.2366),
	(21, '2018-09-01 00:00:00', 2.2458),
	(21, '2018-09-02 00:00:00', 2.2435),
	(21, '2018-09-03 00:00:00', 2.237),
	(21, '2018-09-04 00:00:00', 2.2431),
	(21, '2018-09-05 00:00:00', 2.2405),
	(21, '2018-09-07 00:00:00', 2.2428),
	(21, '2018-09-08 00:00:00', 2.2677),
	(21, '2018-09-09 00:00:00', 2.2868),
	(21, '2018-09-10 00:00:00', 2.2885),
	(21, '2018-09-11 00:00:00', 2.298),
	(21, '2018-09-12 00:00:00', 2.3392),
	(21, '2018-09-14 00:00:00', 2.2912),
	(21, '2018-09-15 00:00:00', 2.3427),
	(21, '2018-09-16 00:00:00', 2.3325),
	(21, '2018-09-17 00:00:00', 2.3584),
	(21, '2018-09-18 00:00:00', 2.3646),
	(21, '2018-09-19 00:00:00', 2.3682),
	(21, '2018-09-21 00:00:00', 2.37),
	(21, '2018-09-22 00:00:00', 2.3984),
	(21, '2018-09-23 00:00:00', 2.4118),
	(21, '2018-09-24 00:00:00', 2.3836),
	(21, '2018-09-25 00:00:00', 2.4283),
	(21, '2018-09-26 00:00:00', 2.42),
	(21, '2018-09-28 00:00:00', 2.4395),
	(21, '2018-09-29 00:00:00', 2.447),
	(21, '2018-09-30 00:00:00', 2.4461),
	(21, '2018-10-01 00:00:00', 2.4815),
	(21, '2018-10-02 00:00:00', 2.4952),
	(21, '2018-10-03 00:00:00', 2.4588),
	(21, '2018-10-05 00:00:00', 2.4599),
	(21, '2018-10-06 00:00:00', 2.4238),
	(21, '2018-10-07 00:00:00', 2.3961),
	(21, '2018-10-08 00:00:00', 2.3769),
	(21, '2018-10-09 00:00:00', 2.3982),
	(21, '2018-10-10 00:00:00', 2.4295),
	(21, '2018-10-12 00:00:00', 2.4058),
	(21, '2018-10-13 00:00:00', 2.3942),
	(21, '2018-10-14 00:00:00', 2.4003),
	(21, '2018-10-15 00:00:00', 2.4583),
	(21, '2018-10-16 00:00:00', 2.4728),
	(21, '2018-10-17 00:00:00', 2.4356),
	(21, '2018-10-19 00:00:00', 2.4357),
	(21, '2018-10-20 00:00:00', 2.4652),
	(21, '2018-10-21 00:00:00', 2.4809),
	(21, '2018-10-22 00:00:00', 2.4872),
	(21, '2018-10-23 00:00:00', 2.4987),
	(21, '2018-10-24 00:00:00', 2.4739),
	(21, '2018-10-26 00:00:00', 2.4739),
	(21, '2018-10-27 00:00:00', 2.5227),
	(21, '2018-10-28 00:00:00', 2.4613),
	(21, '2018-10-29 00:00:00', 2.4612),
	(21, '2018-10-30 00:00:00', 2.4036),
	(21, '2018-10-31 00:00:00', 2.4783),
	(21, '2018-11-02 00:00:00', 2.4335),
	(21, '2018-11-03 00:00:00', 2.4966),
	(21, '2018-11-04 00:00:00', 2.497),
	(21, '2018-11-05 00:00:00', 2.5048),
	(21, '2018-11-06 00:00:00', 2.5697),
	(21, '2018-11-07 00:00:00', 2.5587),
	(21, '2018-11-09 00:00:00', 2.569),
	(21, '2018-11-10 00:00:00', 2.5528),
	(21, '2018-11-11 00:00:00', 2.5575),
	(21, '2018-11-12 00:00:00', 2.5665),
	(21, '2018-11-13 00:00:00', 2.589),
	(21, '2018-11-14 00:00:00', 2.6018),
	(21, '2018-11-16 00:00:00', 2.6018),
	(21, '2018-11-17 00:00:00', 2.6081),
	(21, '2018-11-18 00:00:00', 2.5825),
	(21, '2018-11-19 00:00:00', 2.572),
	(21, '2018-11-20 00:00:00', 2.573),
	(21, '2018-11-21 00:00:00', 2.5153),
	(21, '2018-11-23 00:00:00', 2.5152),
	(21, '2018-11-24 00:00:00', 2.5457),
	(21, '2018-11-25 00:00:00', 2.5303),
	(21, '2018-11-26 00:00:00', 2.5011),
	(21, '2018-11-27 00:00:00', 2.5304),
	(21, '2018-11-28 00:00:00', 2.5659),
	(21, '2018-11-30 00:00:00', 2.5516),
	(21, '2018-12-01 00:00:00', 2.56),
	(21, '2018-12-02 00:00:00', 2.5682),
	(21, '2018-12-03 00:00:00', 2.5525),
	(21, '2018-12-04 00:00:00', 2.5915),
	(21, '2018-12-05 00:00:00', 2.5895),
	(21, '2018-12-07 00:00:00', 2.5894),
	(21, '2018-12-08 00:00:00', 2.6004),
	(21, '2018-12-09 00:00:00', 2.593),
	(21, '2018-12-10 00:00:00', 2.6162),
	(21, '2018-12-11 00:00:00', 2.6498),
	(21, '2018-12-12 00:00:00', 2.6545),
	(21, '2018-12-14 00:00:00', 2.6546),
	(21, '2018-12-15 00:00:00', 2.6955),
	(21, '2018-12-16 00:00:00', 2.7384),
	(21, '2018-12-17 00:00:00', 2.7154),
	(21, '2018-12-18 00:00:00', 2.6625),
	(21, '2018-12-19 00:00:00', 2.6598),
	(21, '2018-12-21 00:00:00', 2.657),
	(21, '2018-12-22 00:00:00', 2.6645),
	(21, '2018-12-23 00:00:00', 2.6946),
	(21, '2018-12-24 00:00:00', 2.6955),
	(21, '2018-12-25 00:00:00', 2.6957),
	(21, '2018-12-26 00:00:00', 2.6685),
	(21, '2018-12-28 00:00:00', 2.6959),
	(21, '2018-12-29 00:00:00', 2.7027),
	(21, '2018-12-30 00:00:00', 2.6575),
	(21, '2018-12-31 00:00:00', 2.6575),
	(21, '2019-01-01 00:00:00', 2.6575),
	(21, '2019-01-02 00:00:00', 2.6941),
	(21, '2019-01-04 00:00:00', 2.6946),
	(21, '2019-01-05 00:00:00', 2.7064),
	(21, '2019-01-06 00:00:00', 2.7001),
	(21, '2019-01-07 00:00:00', 2.6835),
	(21, '2019-01-08 00:00:00', 2.663),
	(21, '2019-01-09 00:00:00', 2.6301),
	(21, '2019-01-11 00:00:00', 2.6298),
	(21, '2019-01-12 00:00:00', 2.6734),
	(21, '2019-01-13 00:00:00', 2.643),
	(21, '2019-01-14 00:00:00', 2.616),
	(21, '2019-01-15 00:00:00', 2.6423),
	(21, '2019-01-16 00:00:00', 2.621),
	(21, '2019-01-18 00:00:00', 2.6219),
	(21, '2019-01-19 00:00:00', 2.6517),
	(21, '2019-01-20 00:00:00', 2.6138),
	(21, '2019-01-21 00:00:00', 2.6005),
	(21, '2019-01-22 00:00:00', 2.5745),
	(21, '2019-01-23 00:00:00', 2.5798),
	(21, '2019-01-25 00:00:00', 2.5814),
	(21, '2019-01-26 00:00:00', 2.5835),
	(21, '2019-01-27 00:00:00', 2.5724),
	(21, '2019-01-28 00:00:00', 2.5764),
	(21, '2019-01-29 00:00:00', 2.6035),
	(21, '2019-01-30 00:00:00', 2.6824),
	(21, '2019-02-01 00:00:00', 2.6838),
	(21, '2019-02-02 00:00:00', 2.7271),
	(21, '2019-02-03 00:00:00', 2.6945),
	(21, '2019-02-04 00:00:00', 2.7418),
	(21, '2019-02-05 00:00:00', 2.7451),
	(21, '2019-02-06 00:00:00', 2.7825),
	(21, '2019-02-08 00:00:00', 2.7831),
	(21, '2019-02-09 00:00:00', 2.7698),
	(21, '2019-02-10 00:00:00', 2.8343),
	(21, '2019-02-11 00:00:00', 2.8693),
	(21, '2019-02-12 00:00:00', 2.821),
	(21, '2019-02-13 00:00:00', 2.8346),
	(21, '2019-02-15 00:00:00', 2.8345),
	(21, '2019-02-16 00:00:00', 2.8346),
	(21, '2019-02-17 00:00:00', 2.8295),
	(21, '2019-02-18 00:00:00', 2.8374),
	(21, '2019-02-19 00:00:00', 2.8665),
	(21, '2019-02-20 00:00:00', 2.868),
	(21, '2019-02-22 00:00:00', 2.8691),
	(21, '2019-02-23 00:00:00', 2.8788),
	(21, '2019-02-24 00:00:00', 2.833),
	(21, '2019-02-25 00:00:00', 2.875),
	(21, '2019-02-26 00:00:00', 2.9085),
	(21, '2019-02-27 00:00:00', 2839),
	(34, '2018-01-01 00:00:00', 6.054),
	(34, '2018-01-02 00:00:00', 6.0507),
	(34, '2018-01-03 00:00:00', 6.0515),
	(34, '2018-01-05 00:00:00', 6.0515),
	(34, '2018-01-06 00:00:00', 6.0526),
	(34, '2018-01-07 00:00:00', 6.0512),
	(34, '2018-01-08 00:00:00', 6.0512),
	(34, '2018-01-09 00:00:00', 6.055),
	(34, '2018-01-10 00:00:00', 6.0522),
	(34, '2018-01-12 00:00:00', 6.0522),
	(34, '2018-01-13 00:00:00', 6.0433),
	(34, '2018-01-14 00:00:00', 6.0412),
	(34, '2018-01-15 00:00:00', 6.046),
	(34, '2018-01-16 00:00:00', 6.0557),
	(34, '2018-01-17 00:00:00', 6.0503),
	(34, '2018-01-19 00:00:00', 6.0503),
	(34, '2018-01-20 00:00:00', 6.0527),
	(34, '2018-01-21 00:00:00', 6.0506),
	(34, '2018-01-22 00:00:00', 6.0513),
	(34, '2018-01-23 00:00:00', 6.0518),
	(34, '2018-01-24 00:00:00', 6.0488),
	(34, '2018-01-26 00:00:00', 6.0489),
	(34, '2018-01-27 00:00:00', 6.048),
	(34, '2018-01-28 00:00:00', 6.0508),
	(34, '2018-01-29 00:00:00', 6.0556),
	(34, '2018-01-30 00:00:00', 6.061),
	(34, '2018-01-31 00:00:00', 6.061),
	(34, '2018-02-02 00:00:00', 6.061),
	(34, '2018-02-03 00:00:00', 6.061),
	(34, '2018-02-04 00:00:00', 6.061),
	(34, '2018-02-05 00:00:00', 6.061),
	(34, '2018-02-06 00:00:00', 6.061),
	(34, '2018-02-07 00:00:00', 6.0634),
	(34, '2018-02-09 00:00:00', 6.0634),
	(34, '2018-02-10 00:00:00', 6.0594),
	(34, '2018-02-11 00:00:00', 6.0606),
	(34, '2018-02-12 00:00:00', 6.0624),
	(34, '2018-02-13 00:00:00', 6.0636),
	(34, '2018-02-14 00:00:00', 6.0668),
	(34, '2018-02-16 00:00:00', 6.0669),
	(34, '2018-02-17 00:00:00', 6.064),
	(34, '2018-02-18 00:00:00', 6.0674),
	(34, '2018-02-19 00:00:00', 6.0765),
	(34, '2018-02-20 00:00:00', 6.0835),
	(34, '2018-02-21 00:00:00', 6.0915),
	(34, '2018-02-23 00:00:00', 6.0915),
	(34, '2018-02-24 00:00:00', 6.0984),
	(34, '2018-02-25 00:00:00', 6.1246),
	(34, '2018-02-26 00:00:00', 6.1248),
	(34, '2018-02-27 00:00:00', 6.1284),
	(34, '2018-02-28 00:00:00', 6.1451),
	(34, '2018-03-02 00:00:00', 6.1451),
	(34, '2018-03-03 00:00:00', 6.1463),
	(34, '2018-03-04 00:00:00', 6.1436),
	(34, '2018-03-05 00:00:00', 6.1283),
	(34, '2018-03-06 00:00:00', 6.1185),
	(34, '2018-03-07 00:00:00', 6.1261),
	(34, '2018-03-09 00:00:00', 6.1261),
	(34, '2018-03-10 00:00:00', 6.1386),
	(34, '2018-03-11 00:00:00', 6.1402),
	(34, '2018-03-12 00:00:00', 6.1451),
	(34, '2018-03-13 00:00:00', 6.1361),
	(34, '2018-03-14 00:00:00', 6.1502),
	(34, '2018-03-16 00:00:00', 6.1503),
	(34, '2018-03-17 00:00:00', 6.1781),
	(34, '2018-03-18 00:00:00', 6.1921),
	(34, '2018-03-19 00:00:00', 6.1954),
	(34, '2018-03-20 00:00:00', 6.2275),
	(34, '2018-03-21 00:00:00', 6.2251),
	(34, '2018-03-23 00:00:00', 6.2251),
	(34, '2018-03-24 00:00:00', 6.1959),
	(34, '2018-03-25 00:00:00', 6.2017),
	(34, '2018-03-26 00:00:00', 6.2094),
	(34, '2018-03-27 00:00:00', 6.2129),
	(34, '2018-03-28 00:00:00', 6.2122),
	(34, '2018-03-30 00:00:00', 6.2122),
	(34, '2018-03-31 00:00:00', 6.2172),
	(34, '2018-04-01 00:00:00', 6.2069),
	(34, '2018-04-02 00:00:00', 6.2057),
	(34, '2018-04-03 00:00:00', 6.2107),
	(34, '2018-04-04 00:00:00', 6.2123),
	(34, '2018-04-06 00:00:00', 6.2123),
	(34, '2018-04-07 00:00:00', 6.2123),
	(34, '2018-04-08 00:00:00', 6.1969),
	(34, '2018-04-09 00:00:00', 6.2005),
	(34, '2018-04-10 00:00:00', 6.2126),
	(34, '2018-04-11 00:00:00', 6.2114),
	(34, '2018-04-13 00:00:00', 6.2114),
	(34, '2018-04-14 00:00:00', 6.2191),
	(34, '2018-04-15 00:00:00', 6.222),
	(34, '2018-04-16 00:00:00', 6.2214),
	(34, '2018-04-17 00:00:00', 6.2191),
	(34, '2018-04-18 00:00:00', 6.2242),
	(34, '2018-04-20 00:00:00', 6.2191),
	(34, '2018-04-21 00:00:00', 6.2274),
	(34, '2018-04-22 00:00:00', 6.2375),
	(34, '2018-04-23 00:00:00', 6.2377),
	(34, '2018-04-24 00:00:00', 6.2489),
	(34, '2018-04-25 00:00:00', 6.2537),
	(34, '2018-04-27 00:00:00', 6.2537),
	(34, '2018-04-28 00:00:00', 6.253),
	(34, '2018-04-29 00:00:00', 6.258),
	(34, '2018-04-30 00:00:00', 6.2594),
	(34, '2018-05-01 00:00:00', 6.2594),
	(34, '2018-05-02 00:00:00', 6.2598),
	(34, '2018-05-04 00:00:00', 6.2594),
	(34, '2018-05-05 00:00:00', 6.2455),
	(34, '2018-05-06 00:00:00', 6.2257),
	(34, '2018-05-07 00:00:00', 6.2344),
	(34, '2018-05-08 00:00:00', 6.228),
	(34, '2018-05-09 00:00:00', 6.2276),
	(34, '2018-05-11 00:00:00', 6.2277),
	(34, '2018-05-12 00:00:00', 6.2375),
	(34, '2018-05-13 00:00:00', 6.2291),
	(34, '2018-05-14 00:00:00', 6.229),
	(34, '2018-05-15 00:00:00', 6.2306),
	(34, '2018-05-16 00:00:00', 6.2335),
	(34, '2018-05-18 00:00:00', 6.2335),
	(34, '2018-05-19 00:00:00', 6.2374),
	(34, '2018-05-20 00:00:00', 6.2381),
	(34, '2018-05-21 00:00:00', 6.2337),
	(34, '2018-05-22 00:00:00', 6.2351),
	(34, '2018-05-23 00:00:00', 6.2366),
	(34, '2018-05-25 00:00:00', 6.2366),
	(34, '2018-05-26 00:00:00', 6.2394),
	(34, '2018-05-27 00:00:00', 6.2491),
	(34, '2018-05-28 00:00:00', 6.254),
	(34, '2018-05-29 00:00:00', 6.238),
	(34, '2018-05-30 00:00:00', 6.2479),
	(34, '2018-06-01 00:00:00', 6.2479),
	(34, '2018-06-02 00:00:00', 6.2479),
	(34, '2018-06-03 00:00:00', 6.2546),
	(34, '2018-06-04 00:00:00', 6.2504),
	(34, '2018-06-05 00:00:00', 6.2568),
	(34, '2018-06-06 00:00:00', 6.2505),
	(34, '2018-06-08 00:00:00', 6.2505),
	(34, '2018-06-09 00:00:00', 6.2403),
	(34, '2018-06-10 00:00:00', 6.2245),
	(34, '2018-06-11 00:00:00', 6.2281),
	(34, '2018-06-12 00:00:00', 6.2185),
	(34, '2018-06-13 00:00:00', 6.2095),
	(34, '2018-06-15 00:00:00', 6.2095),
	(34, '2018-06-16 00:00:00', 6.227),
	(34, '2018-06-17 00:00:00', 6.2268),
	(34, '2018-06-18 00:00:00', 6.2314),
	(34, '2018-06-19 00:00:00', 6.2291),
	(34, '2018-06-20 00:00:00', 6.2245),
	(34, '2018-06-22 00:00:00', 6.2245),
	(34, '2018-06-23 00:00:00', 6.2255),
	(34, '2018-06-24 00:00:00', 6.2311),
	(34, '2018-06-25 00:00:00', 6.2344),
	(34, '2018-06-26 00:00:00', 6.224),
	(34, '2018-06-27 00:00:00', 6.2185),
	(34, '2018-06-29 00:00:00', 6.2185),
	(34, '2018-06-30 00:00:00', 6.2038),
	(34, '2018-07-01 00:00:00', 6.2),
	(34, '2018-07-02 00:00:00', 6.2106),
	(34, '2018-07-03 00:00:00', 6.212),
	(34, '2018-07-04 00:00:00', 6.204),
	(34, '2018-07-06 00:00:00', 6.2041),
	(34, '2018-07-07 00:00:00', 6.2038),
	(34, '2018-07-08 00:00:00', 6.2018),
	(34, '2018-07-09 00:00:00', 6.1999),
	(34, '2018-07-10 00:00:00', 6.2028),
	(34, '2018-07-11 00:00:00', 6.2035),
	(34, '2018-07-14 00:00:00', 6.2061),
	(34, '2018-07-15 00:00:00', 6.208),
	(34, '2018-07-16 00:00:00', 6.204),
	(34, '2018-07-17 00:00:00', 6.2038),
	(34, '2018-07-18 00:00:00', 6.208),
	(34, '2018-07-20 00:00:00', 6.208),
	(34, '2018-07-21 00:00:00', 6.2093),
	(34, '2018-07-22 00:00:00', 6.203),
	(34, '2018-07-23 00:00:00', 6.1988),
	(34, '2018-07-24 00:00:00', 6.1947),
	(34, '2018-07-25 00:00:00', 6.1917),
	(34, '2018-07-27 00:00:00', 6.1917),
	(34, '2018-07-28 00:00:00', 6.1875),
	(34, '2018-07-29 00:00:00', 6.1805),
	(34, '2018-07-30 00:00:00', 6.1715),
	(34, '2018-07-31 00:00:00', 6.174),
	(34, '2018-08-01 00:00:00', 6.1798),
	(34, '2018-08-03 00:00:00', 6.1798),
	(34, '2018-08-04 00:00:00', 6.1785),
	(34, '2018-08-05 00:00:00', 6.1707),
	(34, '2018-08-06 00:00:00', 6.163),
	(34, '2018-08-07 00:00:00', 6.162),
	(34, '2018-08-08 00:00:00', 6.1562),
	(34, '2018-08-10 00:00:00', 6.1562),
	(34, '2018-08-11 00:00:00', 6.1535),
	(34, '2018-08-12 00:00:00', 6.158),
	(34, '2018-08-13 00:00:00', 6.1536),
	(34, '2018-08-14 00:00:00', 6.1525),
	(34, '2018-08-15 00:00:00', 6.1472),
	(34, '2018-08-17 00:00:00', 6.1473),
	(34, '2018-08-18 00:00:00', 6.143),
	(34, '2018-08-19 00:00:00', 6.1413),
	(34, '2018-08-20 00:00:00', 6.14),
	(34, '2018-08-21 00:00:00', 6.1515),
	(34, '2018-08-22 00:00:00', 6.1515),
	(34, '2018-08-24 00:00:00', 6.1515),
	(34, '2018-08-25 00:00:00', 6.1544),
	(34, '2018-08-26 00:00:00', 6.1525),
	(34, '2018-08-27 00:00:00', 6.1433),
	(34, '2018-08-28 00:00:00', 6.1428),
	(34, '2018-08-29 00:00:00', 6.1433),
	(34, '2018-08-31 00:00:00', 6.1434),
	(34, '2018-09-01 00:00:00', 6.142),
	(34, '2018-09-02 00:00:00', 6.1482),
	(34, '2018-09-03 00:00:00', 6.141),
	(34, '2018-09-04 00:00:00', 6.1386),
	(34, '2018-09-05 00:00:00', 6.1405),
	(34, '2018-09-07 00:00:00', 6.1405),
	(34, '2018-09-08 00:00:00', 6.1405),
	(34, '2018-09-09 00:00:00', 6.1364),
	(34, '2018-09-10 00:00:00', 6.1294),
	(34, '2018-09-11 00:00:00', 6.13),
	(34, '2018-09-12 00:00:00', 6.1346),
	(34, '2018-09-14 00:00:00', 6.1347),
	(34, '2018-09-15 00:00:00', 6.142),
	(34, '2018-09-16 00:00:00', 6.146),
	(34, '2018-09-17 00:00:00', 6.139),
	(34, '2018-09-18 00:00:00', 6.1405),
	(34, '2018-09-19 00:00:00', 6.141),
	(34, '2018-09-21 00:00:00', 6.1411),
	(34, '2018-09-22 00:00:00', 6.1405),
	(34, '2018-09-23 00:00:00', 6.1378),
	(34, '2018-09-24 00:00:00', 6.1366),
	(34, '2018-09-25 00:00:00', 6.136),
	(34, '2018-09-26 00:00:00', 6.1271),
	(34, '2018-09-28 00:00:00', 6.1271),
	(34, '2018-09-29 00:00:00', 6.15),
	(34, '2018-09-30 00:00:00', 6.1385),
	(34, '2018-10-01 00:00:00', 6.1385),
	(34, '2018-10-02 00:00:00', 6.1385),
	(34, '2018-10-03 00:00:00', 6.139),
	(34, '2018-10-05 00:00:00', 6.139),
	(34, '2018-10-06 00:00:00', 6.139),
	(34, '2018-10-07 00:00:00', 6.139),
	(34, '2018-10-08 00:00:00', 6.139),
	(34, '2018-10-09 00:00:00', 6.1302),
	(34, '2018-10-10 00:00:00', 6.1311),
	(34, '2018-10-12 00:00:00', 6.1311),
	(34, '2018-10-13 00:00:00', 6.1255),
	(34, '2018-10-14 00:00:00', 6.1255),
	(34, '2018-10-15 00:00:00', 6.1259),
	(34, '2018-10-16 00:00:00', 6.1232),
	(34, '2018-10-17 00:00:00', 6.1239),
	(34, '2018-10-19 00:00:00', 6.124),
	(34, '2018-10-20 00:00:00', 6.1235),
	(34, '2018-10-21 00:00:00', 6.121),
	(34, '2018-10-22 00:00:00', 6.1182),
	(34, '2018-10-23 00:00:00', 6.1195),
	(34, '2018-10-24 00:00:00', 6.117),
	(34, '2018-10-26 00:00:00', 6.1171),
	(34, '2018-10-27 00:00:00', 6.1165),
	(34, '2018-10-28 00:00:00', 6.1132),
	(34, '2018-10-29 00:00:00', 6.1112),
	(34, '2018-10-30 00:00:00', 6.1145),
	(34, '2018-10-31 00:00:00', 6.1127),
	(34, '2018-11-02 00:00:00', 6.1127),
	(34, '2018-11-03 00:00:00', 6.1183),
	(34, '2018-11-04 00:00:00', 6.1152),
	(34, '2018-11-05 00:00:00', 6.114),
	(34, '2018-11-06 00:00:00', 6.112),
	(34, '2018-11-07 00:00:00', 6.1227),
	(34, '2018-11-09 00:00:00', 6.1228),
	(34, '2018-11-10 00:00:00', 6.1195),
	(34, '2018-11-11 00:00:00', 6.1245),
	(34, '2018-11-12 00:00:00', 6.1262),
	(34, '2018-11-13 00:00:00', 6.1248),
	(34, '2018-11-14 00:00:00', 6.1295),
	(34, '2018-11-16 00:00:00', 6.1295),
	(34, '2018-11-17 00:00:00', 6.1243),
	(34, '2018-11-18 00:00:00', 6.1213),
	(34, '2018-11-19 00:00:00', 6.1195),
	(34, '2018-11-20 00:00:00', 6.1235),
	(34, '2018-11-21 00:00:00', 6.1249),
	(34, '2018-11-23 00:00:00', 6.1249),
	(34, '2018-11-24 00:00:00', 6.1417),
	(34, '2018-11-25 00:00:00', 6.1365),
	(34, '2018-11-26 00:00:00', 6.1391),
	(34, '2018-11-27 00:00:00', 6.1391),
	(34, '2018-11-28 00:00:00', 6.1432),
	(34, '2018-11-30 00:00:00', 6.1432),
	(34, '2018-12-01 00:00:00', 6.152),
	(34, '2018-12-02 00:00:00', 6.1495),
	(34, '2018-12-03 00:00:00', 6.1502),
	(34, '2018-12-04 00:00:00', 6.1546),
	(34, '2018-12-05 00:00:00', 6.1502),
	(34, '2018-12-07 00:00:00', 6.1502),
	(34, '2018-12-08 00:00:00', 6.173),
	(34, '2018-12-09 00:00:00', 6.1878),
	(34, '2018-12-10 00:00:00', 6.1765),
	(34, '2018-12-11 00:00:00', 6.1886),
	(34, '2018-12-12 00:00:00', 6.1869),
	(34, '2018-12-14 00:00:00', 6.1869),
	(34, '2018-12-15 00:00:00', 6.1905),
	(34, '2018-12-16 00:00:00', 6.1895),
	(34, '2018-12-17 00:00:00', 6.197),
	(34, '2018-12-18 00:00:00', 6.2145),
	(34, '2018-12-19 00:00:00', 6.2199),
	(34, '2018-12-21 00:00:00', 6.2199),
	(34, '2018-12-22 00:00:00', 6.2215),
	(34, '2018-12-23 00:00:00', 6.2259),
	(34, '2018-12-24 00:00:00', 6.2153),
	(34, '2018-12-25 00:00:00', 6.197),
	(34, '2018-12-26 00:00:00', 6.2129),
	(34, '2018-12-28 00:00:00', 6.2153),
	(34, '2018-12-29 00:00:00', 6.2225),
	(34, '2018-12-30 00:00:00', 6.202),
	(34, '2018-12-31 00:00:00', 6.2061),
	(34, '2019-01-04 00:00:00', 6.2061),
	(34, '2019-01-05 00:00:00', 6.2206),
	(34, '2019-01-06 00:00:00', 6.213),
	(34, '2019-01-07 00:00:00', 6.213),
	(34, '2019-01-08 00:00:00', 6.2146),
	(34, '2019-01-09 00:00:00', 6.2088),
	(34, '2019-01-11 00:00:00', 6.2103),
	(34, '2019-01-12 00:00:00', 6.2032),
	(34, '2019-01-13 00:00:00', 6.1975),
	(34, '2019-01-14 00:00:00', 6.1959),
	(34, '2019-01-15 00:00:00', 6.1875),
	(34, '2019-01-16 00:00:00', 6.207),
	(34, '2019-01-18 00:00:00', 6.207),
	(34, '2019-01-19 00:00:00', 6.2195),
	(34, '2019-01-20 00:00:00', 6.214),
	(34, '2019-01-21 00:00:00', 6.2115),
	(34, '2019-01-22 00:00:00', 6.2088),
	(34, '2019-01-23 00:00:00', 6.2284),
	(34, '2019-01-25 00:00:00', 6.2279),
	(34, '2019-01-26 00:00:00', 6.254),
	(34, '2019-01-27 00:00:00', 6.2435),
	(34, '2019-01-28 00:00:00', 6.248),
	(34, '2019-01-29 00:00:00', 6.2466),
	(34, '2019-01-30 00:00:00', 6.25),
	(34, '2019-02-01 00:00:00', 6.251),
	(34, '2019-02-02 00:00:00', 6.2596),
	(34, '2019-02-03 00:00:00', 6.2578),
	(34, '2019-02-04 00:00:00', 6.2477),
	(34, '2019-02-05 00:00:00', 6.2521),
	(34, '2019-02-06 00:00:00', 6.244),
	(34, '2019-02-08 00:00:00', 6.2434),
	(34, '2019-02-09 00:00:00', 6.247),
	(34, '2019-02-10 00:00:00', 6.241),
	(34, '2019-02-11 00:00:00', 6.2427),
	(34, '2019-02-12 00:00:00', 6.2445),
	(34, '2019-02-13 00:00:00', 6.2403),
	(34, '2019-02-15 00:00:00', 6.2403),
	(34, '2019-02-16 00:00:00', 6.2485),
	(34, '2019-02-17 00:00:00', 6.2551),
	(34, '2019-02-18 00:00:00', 6.2541),
	(34, '2019-02-19 00:00:00', 6.2541),
	(34, '2019-02-20 00:00:00', 6.2541),
	(34, '2019-02-22 00:00:00', 6.2541),
	(34, '2019-02-23 00:00:00', 6.2551),
	(34, '2019-02-24 00:00:00', 6.2551),
	(34, '2019-02-25 00:00:00', 6.2594),
	(34, '2019-02-26 00:00:00', 6.2589),
	(34, '2019-02-27 00:00:00', 6.2696),
	(35, '2018-01-01 00:00:00', 1926.83),
	(35, '2018-01-02 00:00:00', 1926.83),
	(35, '2018-01-03 00:00:00', 1938.89),
	(35, '2018-01-04 00:00:00', 1936.92),
	(35, '2018-01-05 00:00:00', 1936.92),
	(35, '2018-01-06 00:00:00', 1936.92),
	(35, '2018-01-07 00:00:00', 1936.92),
	(35, '2018-01-08 00:00:00', 1930.45),
	(35, '2018-01-09 00:00:00', 1933.24),
	(35, '2018-01-10 00:00:00', 1934.88),
	(35, '2018-01-11 00:00:00', 1926.55),
	(35, '2018-01-12 00:00:00', 1926.55),
	(35, '2018-01-13 00:00:00', 1926.55),
	(35, '2018-01-14 00:00:00', 1924.79),
	(35, '2018-01-15 00:00:00', 1932.59),
	(35, '2018-01-16 00:00:00', 1941.45),
	(35, '2018-01-17 00:00:00', 1947.15),
	(35, '2018-01-18 00:00:00', 1957.86),
	(35, '2018-01-19 00:00:00', 1957.86),
	(35, '2018-01-20 00:00:00', 1957.86),
	(35, '2018-01-21 00:00:00', 1957.86),
	(35, '2018-01-22 00:00:00', 1981.98),
	(35, '2018-01-23 00:00:00', 1983.48),
	(35, '2018-01-24 00:00:00', 1993.23),
	(35, '2018-01-25 00:00:00', 2000.48),
	(35, '2018-01-26 00:00:00', 2000.48),
	(35, '2018-01-27 00:00:00', 2000.48),
	(35, '2018-01-28 00:00:00', 1997.91),
	(35, '2018-01-29 00:00:00', 2000.56),
	(35, '2018-01-30 00:00:00', 2013.17),
	(35, '2018-01-31 00:00:00', 2008.26),
	(35, '2018-02-01 00:00:00', 2021.1),
	(35, '2018-02-02 00:00:00', 2021.1),
	(35, '2018-02-03 00:00:00', 2021.1),
	(35, '2018-02-04 00:00:00', 2039.85),
	(35, '2018-02-05 00:00:00', 2041.34),
	(35, '2018-02-06 00:00:00', 2048.75),
	(35, '2018-02-07 00:00:00', 2049.52),
	(35, '2018-02-08 00:00:00', 2046.06),
	(35, '2018-02-09 00:00:00', 2046.06),
	(35, '2018-02-10 00:00:00', 2046.06),
	(35, '2018-02-11 00:00:00', 2048.55),
	(35, '2018-02-12 00:00:00', 2041.61),
	(35, '2018-02-13 00:00:00', 2031.75),
	(35, '2018-02-14 00:00:00', 2032.99),
	(35, '2018-02-15 00:00:00', 2022.68),
	(35, '2018-02-16 00:00:00', 2022.68),
	(35, '2018-02-17 00:00:00', 2022.68),
	(35, '2018-02-18 00:00:00', 2022.68),
	(35, '2018-02-19 00:00:00', 2028.54),
	(35, '2018-02-20 00:00:00', 2042.22),
	(35, '2018-02-21 00:00:00', 2052.46),
	(35, '2018-02-22 00:00:00', 2043.96),
	(35, '2018-02-23 00:00:00', 2043.96),
	(35, '2018-02-24 00:00:00', 2043.96),
	(35, '2018-02-25 00:00:00', 2042.67),
	(35, '2018-02-26 00:00:00', 2045.45),
	(35, '2018-02-27 00:00:00', 2053.11),
	(35, '2018-02-28 00:00:00', 2054.9),
	(35, '2018-03-01 00:00:00', 2046.75),
	(35, '2018-03-02 00:00:00', 2046.75),
	(35, '2018-03-03 00:00:00', 2046.75),
	(35, '2018-03-04 00:00:00', 2052.51),
	(35, '2018-03-05 00:00:00', 2047.75),
	(35, '2018-03-06 00:00:00', 2045.14),
	(35, '2018-03-07 00:00:00', 2030.02),
	(35, '2018-03-08 00:00:00', 2036.2),
	(35, '2018-03-09 00:00:00', 2036.2),
	(35, '2018-03-10 00:00:00', 2036.2),
	(35, '2018-03-11 00:00:00', 2042.78),
	(35, '2018-03-12 00:00:00', 2043.59),
	(35, '2018-03-13 00:00:00', 2047.59),
	(35, '2018-03-14 00:00:00', 2044.48),
	(35, '2018-03-15 00:00:00', 2044.58),
	(35, '2018-03-16 00:00:00', 2044.58),
	(35, '2018-03-17 00:00:00', 2044.58),
	(35, '2018-03-18 00:00:00', 2035.16),
	(35, '2018-03-19 00:00:00', 2034.86),
	(35, '2018-03-20 00:00:00', 2017.38),
	(35, '2018-03-21 00:00:00', 1998.6),
	(35, '2018-03-22 00:00:00', 1993.85),
	(35, '2018-03-23 00:00:00', 1993.85),
	(35, '2018-03-24 00:00:00', 1993.85),
	(35, '2018-03-25 00:00:00', 1993.85),
	(35, '2018-03-26 00:00:00', 1978.63),
	(35, '2018-03-27 00:00:00', 1973.03),
	(35, '2018-03-28 00:00:00', 1965.64),
	(35, '2018-03-29 00:00:00', 1965.32),
	(35, '2018-03-30 00:00:00', 1965.32),
	(35, '2018-03-31 00:00:00', 1965.32),
	(35, '2018-04-01 00:00:00', 1969.45),
	(35, '2018-04-02 00:00:00', 1966.02),
	(35, '2018-04-03 00:00:00', 1963.51),
	(35, '2018-04-04 00:00:00', 1966.4),
	(35, '2018-04-05 00:00:00', 1951.85),
	(35, '2018-04-06 00:00:00', 1951.85),
	(35, '2018-04-07 00:00:00', 1951.85),
	(35, '2018-04-08 00:00:00', 1937.59),
	(35, '2018-04-09 00:00:00', 1923.95),
	(35, '2018-04-10 00:00:00', 1931.09),
	(35, '2018-04-11 00:00:00', 1920.93),
	(35, '2018-04-12 00:00:00', 1927.28),
	(35, '2018-04-13 00:00:00', 1927.28),
	(35, '2018-04-14 00:00:00', 1927.28),
	(35, '2018-04-15 00:00:00', 1926.47),
	(35, '2018-04-16 00:00:00', 1932.42),
	(35, '2018-04-17 00:00:00', 1930.62),
	(35, '2018-04-18 00:00:00', 1930.62),
	(35, '2018-04-19 00:00:00', 1930.62),
	(35, '2018-04-20 00:00:00', 1930.62),
	(35, '2018-04-21 00:00:00', 1930.62),
	(35, '2018-04-22 00:00:00', 1921.75),
	(35, '2018-04-23 00:00:00', 1929.66),
	(35, '2018-04-24 00:00:00', 1936.63),
	(35, '2018-04-25 00:00:00', 1936.07),
	(35, '2018-04-26 00:00:00', 1942.37),
	(35, '2018-04-27 00:00:00', 1942.37),
	(35, '2018-04-28 00:00:00', 1942.37),
	(35, '2018-04-29 00:00:00', 1936.13),
	(35, '2018-04-30 00:00:00', 1935.14),
	(35, '2018-05-01 00:00:00', 1933.46),
	(35, '2018-05-02 00:00:00', 1933.46),
	(35, '2018-05-03 00:00:00', 1926.3),
	(35, '2018-05-04 00:00:00', 1926.3),
	(35, '2018-05-05 00:00:00', 1926.3),
	(35, '2018-05-06 00:00:00', 1923.07),
	(35, '2018-05-07 00:00:00', 1918.2),
	(35, '2018-05-08 00:00:00', 1912.97),
	(35, '2018-05-09 00:00:00', 1902.15),
	(35, '2018-05-10 00:00:00', 1901.51),
	(35, '2018-05-11 00:00:00', 1901.51),
	(35, '2018-05-12 00:00:00', 1901.51),
	(35, '2018-05-13 00:00:00', 1904.85),
	(35, '2018-05-14 00:00:00', 1919.7),
	(35, '2018-05-15 00:00:00', 1925.31),
	(35, '2018-05-16 00:00:00', 1927.8),
	(35, '2018-05-17 00:00:00', 1925.41),
	(35, '2018-05-18 00:00:00', 1925.41),
	(35, '2018-05-19 00:00:00', 1925.41),
	(35, '2018-05-20 00:00:00', 1921.16),
	(35, '2018-05-21 00:00:00', 1920.41),
	(35, '2018-05-22 00:00:00', 1911.33),
	(35, '2018-05-23 00:00:00', 1905.8),
	(35, '2018-05-24 00:00:00', 1905.53),
	(35, '2018-05-25 00:00:00', 1905.53),
	(35, '2018-05-26 00:00:00', 1905.53),
	(35, '2018-05-27 00:00:00', 1905.53),
	(35, '2018-05-28 00:00:00', 1917.34),
	(35, '2018-05-29 00:00:00', 1910.8),
	(35, '2018-05-30 00:00:00', 1905.96),
	(35, '2018-05-31 00:00:00', 1900.64),
	(35, '2018-06-01 00:00:00', 1900.64),
	(35, '2018-06-02 00:00:00', 1900.64),
	(35, '2018-06-03 00:00:00', 1900.64),
	(35, '2018-06-04 00:00:00', 1899.74),
	(35, '2018-06-05 00:00:00', 1897.7),
	(35, '2018-06-06 00:00:00', 1892.08),
	(35, '2018-06-07 00:00:00', 1886.09),
	(35, '2018-06-08 00:00:00', 1886.09),
	(35, '2018-06-09 00:00:00', 1886.09),
	(35, '2018-06-10 00:00:00', 1883.76),
	(35, '2018-06-11 00:00:00', 1884.97),
	(35, '2018-06-12 00:00:00', 1884.63),
	(35, '2018-06-13 00:00:00', 1877.18),
	(35, '2018-06-14 00:00:00', 1877.37),
	(35, '2018-06-15 00:00:00', 1877.37),
	(35, '2018-06-16 00:00:00', 1877.37),
	(35, '2018-06-17 00:00:00', 1886.62),
	(35, '2018-06-18 00:00:00', 1899.9),
	(35, '2018-06-19 00:00:00', 1895.92),
	(35, '2018-06-20 00:00:00', 1881.34),
	(35, '2018-06-21 00:00:00', 1884.56),
	(35, '2018-06-22 00:00:00', 1884.56),
	(35, '2018-06-23 00:00:00', 1884.56),
	(35, '2018-06-24 00:00:00', 1884.56),
	(35, '2018-06-25 00:00:00', 1886.85),
	(35, '2018-06-26 00:00:00', 1880.37),
	(35, '2018-06-27 00:00:00', 1886.01),
	(35, '2018-06-28 00:00:00', 1881.19),
	(35, '2018-06-29 00:00:00', 1881.19),
	(35, '2018-06-30 00:00:00', 1881.19),
	(35, '2018-07-01 00:00:00', 1881.19),
	(35, '2018-07-02 00:00:00', 1865.42),
	(35, '2018-07-03 00:00:00', 1856.73),
	(35, '2018-07-04 00:00:00', 1848.91),
	(35, '2018-07-05 00:00:00', 1848.91),
	(35, '2018-07-06 00:00:00', 1848.91),
	(35, '2018-07-07 00:00:00', 1848.91),
	(35, '2018-07-08 00:00:00', 1849.28),
	(35, '2018-07-09 00:00:00', 1854.24),
	(35, '2018-07-10 00:00:00', 1859.94),
	(35, '2018-07-11 00:00:00', 1858.47),
	(35, '2018-07-12 00:00:00', 1852.57),
	(35, '2018-07-13 00:00:00', 1852.57),
	(35, '2018-07-14 00:00:00', 1852.57),
	(35, '2018-07-15 00:00:00', 1857.93),
	(35, '2018-07-16 00:00:00', 1867.88),
	(35, '2018-07-17 00:00:00', 1868.41),
	(35, '2018-07-18 00:00:00', 1872.27),
	(35, '2018-07-19 00:00:00', 1871.87),
	(35, '2018-07-20 00:00:00', 1871.87),
	(35, '2018-07-21 00:00:00', 1871.87),
	(35, '2018-07-22 00:00:00', 1861.28),
	(35, '2018-07-23 00:00:00', 1848.98),
	(35, '2018-07-24 00:00:00', 1847.85),
	(35, '2018-07-25 00:00:00', 1846.12),
	(35, '2018-07-26 00:00:00', 1848.56),
	(35, '2018-07-27 00:00:00', 1848.56),
	(35, '2018-07-28 00:00:00', 1848.56),
	(35, '2018-07-29 00:00:00', 1850.61),
	(35, '2018-07-30 00:00:00', 1853.3),
	(35, '2018-07-31 00:00:00', 1872.43),
	(35, '2018-08-01 00:00:00', 1878.75),
	(35, '2018-08-02 00:00:00', 1873.65),
	(35, '2018-08-03 00:00:00', 1873.65),
	(35, '2018-08-04 00:00:00', 1873.65),
	(35, '2018-08-05 00:00:00', 1878.68),
	(35, '2018-08-06 00:00:00', 1892.35),
	(35, '2018-08-07 00:00:00', 1888.51),
	(35, '2018-08-08 00:00:00', 1888.51),
	(35, '2018-08-09 00:00:00', 1891.59),
	(35, '2018-08-10 00:00:00', 1891.59),
	(35, '2018-08-11 00:00:00', 1891.59),
	(35, '2018-08-12 00:00:00', 1881.62),
	(35, '2018-08-13 00:00:00', 1877.4),
	(35, '2018-08-14 00:00:00', 1883.33),
	(35, '2018-08-15 00:00:00', 1877.77),
	(35, '2018-08-16 00:00:00', 1884.81),
	(35, '2018-08-17 00:00:00', 1884.81),
	(35, '2018-08-18 00:00:00', 1884.81),
	(35, '2018-08-19 00:00:00', 1884.81),
	(35, '2018-08-20 00:00:00', 1894.27),
	(35, '2018-08-21 00:00:00', 1912.43),
	(35, '2018-08-22 00:00:00', 1919.84),
	(35, '2018-08-23 00:00:00', 1924.4),
	(35, '2018-08-24 00:00:00', 1924.4),
	(35, '2018-08-25 00:00:00', 1924.4),
	(35, '2018-08-26 00:00:00', 1932.39),
	(35, '2018-08-27 00:00:00', 1928.67),
	(35, '2018-08-28 00:00:00', 1926.92),
	(35, '2018-08-29 00:00:00', 1935.04),
	(35, '2018-08-30 00:00:00', 1918.62),
	(35, '2018-08-31 00:00:00', 1918.62),
	(35, '2018-09-01 00:00:00', 1918.62),
	(35, '2018-09-02 00:00:00', 1918.62),
	(35, '2018-09-03 00:00:00', 1931.49),
	(35, '2018-09-04 00:00:00', 1924.67),
	(35, '2018-09-05 00:00:00', 1931.45),
	(35, '2018-09-06 00:00:00', 1935.25),
	(35, '2018-09-07 00:00:00', 1935.25),
	(35, '2018-09-08 00:00:00', 1935.25),
	(35, '2018-09-09 00:00:00', 1942.03),
	(35, '2018-09-10 00:00:00', 1962.84),
	(35, '2018-09-11 00:00:00', 1975.82),
	(35, '2018-09-12 00:00:00', 1979.97),
	(35, '2018-09-13 00:00:00', 1994.97),
	(35, '2018-09-14 00:00:00', 1994.97),
	(35, '2018-09-15 00:00:00', 1994.97),
	(35, '2018-09-16 00:00:00', 1987.71),
	(35, '2018-09-17 00:00:00', 1978.08),
	(35, '2018-09-18 00:00:00', 1975.47),
	(35, '2018-09-19 00:00:00', 1975.42),
	(35, '2018-09-20 00:00:00', 1966.89),
	(35, '2018-09-21 00:00:00', 1966.89),
	(35, '2018-09-22 00:00:00', 1966.89),
	(35, '2018-09-23 00:00:00', 1992.68),
	(35, '2018-09-24 00:00:00', 1997.91),
	(35, '2018-09-25 00:00:00', 2007.48),
	(35, '2018-09-26 00:00:00', 2019.76),
	(35, '2018-09-27 00:00:00', 2023.89),
	(35, '2018-09-28 00:00:00', 2023.89),
	(35, '2018-09-29 00:00:00', 2023.89),
	(35, '2018-09-30 00:00:00', 2028.48),
	(35, '2018-10-01 00:00:00', 2022),
	(35, '2018-10-02 00:00:00', 2025.75),
	(35, '2018-10-03 00:00:00', 2021.49),
	(35, '2018-10-04 00:00:00', 2026.2),
	(35, '2018-10-05 00:00:00', 2026.2),
	(35, '2018-10-06 00:00:00', 2026.2),
	(35, '2018-10-07 00:00:00', 2028.03),
	(35, '2018-10-08 00:00:00', 2026.9),
	(35, '2018-10-09 00:00:00', 2040.31),
	(35, '2018-10-10 00:00:00', 2041.7),
	(35, '2018-10-11 00:00:00', 2052.9),
	(35, '2018-10-12 00:00:00', 2052.9),
	(35, '2018-10-13 00:00:00', 2052.9),
	(35, '2018-10-14 00:00:00', 2052.9),
	(35, '2018-10-15 00:00:00', 2049.6),
	(35, '2018-10-16 00:00:00', 2057.7),
	(35, '2018-10-17 00:00:00', 2074.4),
	(35, '2018-10-18 00:00:00', 2064.4),
	(35, '2018-10-19 00:00:00', 2064.4),
	(35, '2018-10-20 00:00:00', 2064.4),
	(35, '2018-10-21 00:00:00', 2065.8),
	(35, '2018-10-22 00:00:00', 2048.4),
	(35, '2018-10-23 00:00:00', 2049.9),
	(35, '2018-10-24 00:00:00', 2053.3),
	(35, '2018-10-25 00:00:00', 2065.3),
	(35, '2018-10-26 00:00:00', 2065.3),
	(35, '2018-10-27 00:00:00', 2065.3),
	(35, '2018-10-28 00:00:00', 2069.7),
	(35, '2018-10-29 00:00:00', 2055.4),
	(35, '2018-10-30 00:00:00', 2044.5),
	(35, '2018-10-31 00:00:00', 2050.5),
	(35, '2018-11-01 00:00:00', 2061.92),
	(35, '2018-11-02 00:00:00', 2061.92),
	(35, '2018-11-03 00:00:00', 2061.92),
	(35, '2018-11-04 00:00:00', 2061.92),
	(35, '2018-11-05 00:00:00', 2076.99),
	(35, '2018-11-06 00:00:00', 2081.24),
	(35, '2018-11-07 00:00:00', 2086.86),
	(35, '2018-11-08 00:00:00', 2103.25),
	(35, '2018-11-09 00:00:00', 2103.25),
	(35, '2018-11-10 00:00:00', 2103.2),
	(35, '2018-11-11 00:00:00', 2103.1),
	(35, '2018-11-12 00:00:00', 2103.1),
	(35, '2018-11-13 00:00:00', 2115.5),
	(35, '2018-11-14 00:00:00', 2133),
	(35, '2018-11-15 00:00:00', 2160.4),
	(35, '2018-11-16 00:00:00', 2160.4),
	(35, '2018-11-17 00:00:00', 2160.4),
	(35, '2018-11-18 00:00:00', 2160.4),
	(35, '2018-11-19 00:00:00', 2158.5),
	(35, '2018-11-20 00:00:00', 2156.7),
	(35, '2018-11-21 00:00:00', 2156.9),
	(35, '2018-11-22 00:00:00', 2142),
	(35, '2018-11-23 00:00:00', 2142),
	(35, '2018-11-24 00:00:00', 2142),
	(35, '2018-11-25 00:00:00', 2158.1),
	(35, '2018-11-26 00:00:00', 2162.1),
	(35, '2018-11-27 00:00:00', 2165.1),
	(35, '2018-11-28 00:00:00', 2165.1),
	(35, '2018-11-29 00:00:00', 2206.1),
	(35, '2018-11-30 00:00:00', 2206.1),
	(35, '2018-12-01 00:00:00', 2206.19),
	(35, '2018-12-02 00:00:00', 2252.36),
	(35, '2018-12-03 00:00:00', 2293.47),
	(35, '2018-12-04 00:00:00', 2286.03),
	(35, '2018-12-05 00:00:00', 2284.24),
	(35, '2018-12-06 00:00:00', 2304.12),
	(35, '2018-12-07 00:00:00', 2304.12),
	(35, '2018-12-08 00:00:00', 2304.12),
	(35, '2018-12-09 00:00:00', 2304.12),
	(35, '2018-12-10 00:00:00', 2350),
	(35, '2018-12-11 00:00:00', 2381.9),
	(35, '2018-12-12 00:00:00', 2423.5),
	(35, '2018-12-13 00:00:00', 2405.3),
	(35, '2018-12-14 00:00:00', 2405.3),
	(35, '2018-12-15 00:00:00', 2405.3),
	(35, '2018-12-16 00:00:00', 2414.3),
	(35, '2018-12-17 00:00:00', 2446.3),
	(35, '2018-12-18 00:00:00', 2412.7),
	(35, '2018-12-19 00:00:00', 2334.9),
	(35, '2018-12-20 00:00:00', 2297.1),
	(35, '2018-12-21 00:00:00', 2297.1),
	(35, '2018-12-22 00:00:00', 2297.1),
	(35, '2018-12-23 00:00:00', 2316.9),
	(35, '2018-12-24 00:00:00', 2342.5),
	(35, '2018-12-25 00:00:00', 2346.9),
	(35, '2018-12-26 00:00:00', 2346.9),
	(35, '2018-12-27 00:00:00', 2358.4),
	(35, '2018-12-28 00:00:00', 2358.4),
	(35, '2018-12-29 00:00:00', 2358.4),
	(35, '2018-12-30 00:00:00', 2378.5),
	(35, '2018-12-31 00:00:00', 2392.4),
	(35, '2019-01-01 00:00:00', 2392.46),
	(35, '2019-01-02 00:00:00', 2392.46),
	(35, '2019-01-03 00:00:00', 2383.37),
	(35, '2019-01-04 00:00:00', 2383.37),
	(35, '2019-01-05 00:00:00', 2383.37),
	(35, '2019-01-06 00:00:00', 2412.82),
	(35, '2019-01-07 00:00:00', 2452.11),
	(35, '2019-01-08 00:00:00', 2434.31),
	(35, '2019-01-09 00:00:00', 2405.03),
	(35, '2019-01-10 00:00:00', 2406.71),
	(35, '2019-01-11 00:00:00', 2406.71),
	(35, '2019-01-12 00:00:00', 2406.71),
	(35, '2019-01-13 00:00:00', 2406.71),
	(35, '2019-01-14 00:00:00', 2442.03),
	(35, '2019-01-15 00:00:00', 2438.79),
	(35, '2019-01-16 00:00:00', 2398.91),
	(35, '2019-01-17 00:00:00', 2383.91),
	(35, '2019-01-18 00:00:00', 2383.91),
	(35, '2019-01-19 00:00:00', 2383.91),
	(35, '2019-01-20 00:00:00', 2383.91),
	(35, '2019-01-21 00:00:00', 2373.44),
	(35, '2019-01-22 00:00:00', 2361.54),
	(35, '2019-01-23 00:00:00', 2370.75),
	(35, '2019-01-24 00:00:00', 2386.5),
	(35, '2019-01-25 00:00:00', 2386.5),
	(35, '2019-01-26 00:00:00', 2386.5),
	(35, '2019-01-27 00:00:00', 2386.28),
	(35, '2019-01-28 00:00:00', 2381.11),
	(35, '2019-01-29 00:00:00', 2362.42),
	(35, '2019-01-30 00:00:00', 2397.35),
	(35, '2019-01-31 00:00:00', 2441.1),
	(35, '2019-02-01 00:00:00', 2441.1),
	(35, '2019-02-02 00:00:00', 2441.1),
	(35, '2019-02-03 00:00:00', 2407.29),
	(35, '2019-02-04 00:00:00', 2374.72),
	(35, '2019-02-05 00:00:00', 2381.91),
	(35, '2019-02-06 00:00:00', 2384.53),
	(35, '2019-02-07 00:00:00', 2384.76),
	(35, '2019-02-08 00:00:00', 2384.76),
	(35, '2019-02-09 00:00:00', 2384.76),
	(35, '2019-02-10 00:00:00', 2371.31),
	(35, '2019-02-11 00:00:00', 2380.79),
	(35, '2019-02-12 00:00:00', 2416.61),
	(35, '2019-02-13 00:00:00', 2401.03),
	(35, '2019-02-14 00:00:00', 2376.23),
	(35, '2019-02-15 00:00:00', 2376.23),
	(35, '2019-02-16 00:00:00', 2376.23),
	(35, '2019-02-17 00:00:00', 2415.8),
	(35, '2019-02-18 00:00:00', 2430.6),
	(35, '2019-02-19 00:00:00', 2444.9),
	(35, '2019-02-20 00:00:00', 2459.4),
	(35, '2019-02-23 00:00:00', 2499.2),
	(35, '2019-02-24 00:00:00', 2486),
	(35, '2019-02-25 00:00:00', 2485.5),
	(35, '2019-02-26 00:00:00', 2491.9),
	(35, '2019-02-27 00:00:00', 2499.9),
	(49, '2018-01-01 00:00:00', 0.7271),
	(49, '2018-01-02 00:00:00', 0.7314),
	(49, '2018-01-03 00:00:00', 0.7359),
	(49, '2018-01-05 00:00:00', 0.7355),
	(49, '2018-01-06 00:00:00', 0.7338),
	(49, '2018-01-07 00:00:00', 0.7345),
	(49, '2018-01-08 00:00:00', 0.7366),
	(49, '2018-01-09 00:00:00', 0.7349),
	(49, '2018-01-10 00:00:00', 0.7316),
	(49, '2018-01-12 00:00:00', 0.7315),
	(49, '2018-01-13 00:00:00', 0.7315),
	(49, '2018-01-14 00:00:00', 0.731),
	(49, '2018-01-15 00:00:00', 0.735),
	(49, '2018-01-16 00:00:00', 0.7341),
	(49, '2018-01-17 00:00:00', 0.7385),
	(49, '2018-01-19 00:00:00', 0.7392),
	(49, '2018-01-20 00:00:00', 0.7379),
	(49, '2018-01-21 00:00:00', 0.7373),
	(49, '2018-01-22 00:00:00', 0.7381),
	(49, '2018-01-23 00:00:00', 0.7301),
	(49, '2018-01-24 00:00:00', 0.7311),
	(49, '2018-01-26 00:00:00', 0.7306),
	(49, '2018-01-27 00:00:00', 0.7314),
	(49, '2018-01-28 00:00:00', 0.7316),
	(49, '2018-01-29 00:00:00', 0.7319),
	(49, '2018-01-30 00:00:00', 0.7377),
	(49, '2018-01-31 00:00:00', 0.7415),
	(49, '2018-02-02 00:00:00', 0.7414),
	(49, '2018-02-03 00:00:00', 0.7393),
	(49, '2018-02-04 00:00:00', 0.7397),
	(49, '2018-02-05 00:00:00', 0.7389),
	(49, '2018-02-06 00:00:00', 0.7358),
	(49, '2018-02-07 00:00:00', 0.7334),
	(49, '2018-02-09 00:00:00', 0.7343),
	(49, '2018-02-10 00:00:00', 0.7328),
	(49, '2018-02-11 00:00:00', 0.7332),
	(49, '2018-02-12 00:00:00', 0.7356),
	(49, '2018-02-13 00:00:00', 0.7309),
	(49, '2018-02-14 00:00:00', 0.7304),
	(49, '2018-02-16 00:00:00', 0.73),
	(49, '2018-02-17 00:00:00', 0.7295),
	(49, '2018-02-18 00:00:00', 0.7268),
	(49, '2018-02-19 00:00:00', 0.7281),
	(49, '2018-02-20 00:00:00', 0.7289),
	(49, '2018-02-21 00:00:00', 0.7278),
	(49, '2018-02-23 00:00:00', 0.728),
	(49, '2018-02-24 00:00:00', 0.728),
	(49, '2018-02-25 00:00:00', 0.7275),
	(49, '2018-02-26 00:00:00', 0.7306),
	(49, '2018-02-27 00:00:00', 0.7295),
	(49, '2018-02-28 00:00:00', 0.7245),
	(49, '2018-03-02 00:00:00', 0.7259),
	(49, '2018-03-03 00:00:00', 0.728),
	(49, '2018-03-04 00:00:00', 0.7276),
	(49, '2018-03-05 00:00:00', 0.7282),
	(49, '2018-03-06 00:00:00', 0.7215),
	(49, '2018-03-07 00:00:00', 0.7206),
	(49, '2018-03-09 00:00:00', 0.7206),
	(49, '2018-03-10 00:00:00', 0.7207),
	(49, '2018-03-11 00:00:00', 0.7216),
	(49, '2018-03-12 00:00:00', 0.7192),
	(49, '2018-03-13 00:00:00', 0.721),
	(49, '2018-03-14 00:00:00', 0.7187),
	(49, '2018-03-16 00:00:00', 0.7188),
	(49, '2018-03-17 00:00:00', 0.7183),
	(49, '2018-03-18 00:00:00', 0.7177),
	(49, '2018-03-19 00:00:00', 0.7229),
	(49, '2018-03-20 00:00:00', 0.7258),
	(49, '2018-03-21 00:00:00', 0.7249),
	(49, '2018-03-23 00:00:00', 0.7247),
	(49, '2018-03-24 00:00:00', 0.7226),
	(49, '2018-03-25 00:00:00', 0.7232),
	(49, '2018-03-26 00:00:00', 0.7255),
	(49, '2018-03-27 00:00:00', 0.7278),
	(49, '2018-03-28 00:00:00', 0.7271),
	(49, '2018-03-30 00:00:00', 0.7272),
	(49, '2018-03-31 00:00:00', 0.7261),
	(49, '2018-04-01 00:00:00', 0.725),
	(49, '2018-04-02 00:00:00', 0.7264),
	(49, '2018-04-03 00:00:00', 0.7289),
	(49, '2018-04-04 00:00:00', 0.7298),
	(49, '2018-04-06 00:00:00', 0.7298),
	(49, '2018-04-07 00:00:00', 0.7278),
	(49, '2018-04-08 00:00:00', 0.7248),
	(49, '2018-04-09 00:00:00', 0.7218),
	(49, '2018-04-10 00:00:00', 0.72),
	(49, '2018-04-11 00:00:00', 0.7202),
	(49, '2018-04-13 00:00:00', 0.7222),
	(49, '2018-04-14 00:00:00', 0.7236),
	(49, '2018-04-15 00:00:00', 0.7239),
	(49, '2018-04-16 00:00:00', 0.7238),
	(49, '2018-04-17 00:00:00', 0.7238),
	(49, '2018-04-18 00:00:00', 0.7238),
	(49, '2018-04-20 00:00:00', 0.7239),
	(49, '2018-04-21 00:00:00', 0.725),
	(49, '2018-04-22 00:00:00', 0.7244),
	(49, '2018-04-23 00:00:00', 0.7238),
	(49, '2018-04-24 00:00:00', 0.7229),
	(49, '2018-04-25 00:00:00', 0.7229),
	(49, '2018-04-27 00:00:00', 0.7226),
	(49, '2018-04-28 00:00:00', 0.722),
	(49, '2018-04-29 00:00:00', 0.724),
	(49, '2018-04-30 00:00:00', 0.7211),
	(49, '2018-05-01 00:00:00', 0.721),
	(49, '2018-05-02 00:00:00', 0.7209),
	(49, '2018-05-04 00:00:00', 0.7209),
	(49, '2018-05-05 00:00:00', 0.7207),
	(49, '2018-05-06 00:00:00', 0.718),
	(49, '2018-05-07 00:00:00', 0.7188),
	(49, '2018-05-08 00:00:00', 0.7225),
	(49, '2018-05-09 00:00:00', 0.7268),
	(49, '2018-05-11 00:00:00', 0.7267),
	(49, '2018-05-12 00:00:00', 0.7269),
	(49, '2018-05-13 00:00:00', 0.7297),
	(49, '2018-05-14 00:00:00', 0.7291),
	(49, '2018-05-15 00:00:00', 0.7294),
	(49, '2018-05-16 00:00:00', 0.7302),
	(49, '2018-05-18 00:00:00', 0.7298),
	(49, '2018-05-19 00:00:00', 0.7295),
	(49, '2018-05-20 00:00:00', 0.7298),
	(49, '2018-05-21 00:00:00', 0.7307),
	(49, '2018-05-22 00:00:00', 0.7323),
	(49, '2018-05-23 00:00:00', 0.7335),
	(49, '2018-05-25 00:00:00', 0.7338),
	(49, '2018-05-26 00:00:00', 0.7329),
	(49, '2018-05-27 00:00:00', 0.7335),
	(49, '2018-05-28 00:00:00', 0.7358),
	(49, '2018-05-29 00:00:00', 0.7351),
	(49, '2018-05-30 00:00:00', 0.7337),
	(49, '2018-06-01 00:00:00', 0.7338),
	(49, '2018-06-02 00:00:00', 0.7355),
	(49, '2018-06-03 00:00:00', 0.7338),
	(49, '2018-06-04 00:00:00', 0.7353),
	(49, '2018-06-05 00:00:00', 0.7321),
	(49, '2018-06-06 00:00:00', 0.733),
	(49, '2018-06-08 00:00:00', 0.7327),
	(49, '2018-06-09 00:00:00', 0.7356),
	(49, '2018-06-10 00:00:00', 0.7381),
	(49, '2018-06-11 00:00:00', 0.7389),
	(49, '2018-06-12 00:00:00', 0.7379),
	(49, '2018-06-13 00:00:00', 0.7384),
	(49, '2018-06-15 00:00:00', 0.7388),
	(49, '2018-06-16 00:00:00', 0.7367),
	(49, '2018-06-17 00:00:00', 0.7382),
	(49, '2018-06-18 00:00:00', 0.7356),
	(49, '2018-06-19 00:00:00', 0.7349),
	(49, '2018-06-20 00:00:00', 0.7353),
	(49, '2018-06-22 00:00:00', 0.7357),
	(49, '2018-06-23 00:00:00', 0.735),
	(49, '2018-06-24 00:00:00', 0.735),
	(49, '2018-06-25 00:00:00', 0.7337),
	(49, '2018-06-26 00:00:00', 0.7347),
	(49, '2018-06-27 00:00:00', 0.7327),
	(49, '2018-06-29 00:00:00', 0.733),
	(49, '2018-06-30 00:00:00', 0.7304),
	(49, '2018-07-01 00:00:00', 0.731),
	(49, '2018-07-02 00:00:00', 0.732),
	(49, '2018-07-03 00:00:00', 0.7347),
	(49, '2018-07-04 00:00:00', 0.7356),
	(49, '2018-07-06 00:00:00', 0.736),
	(49, '2018-07-07 00:00:00', 0.735),
	(49, '2018-07-08 00:00:00', 0.7346),
	(49, '2018-07-09 00:00:00', 0.7329),
	(49, '2018-07-10 00:00:00', 0.7348),
	(49, '2018-07-11 00:00:00', 0.7349),
	(49, '2018-07-13 00:00:00', 0.7352),
	(49, '2018-07-14 00:00:00', 0.7342),
	(49, '2018-07-15 00:00:00', 0.7369),
	(49, '2018-07-16 00:00:00', 0.7393),
	(49, '2018-07-17 00:00:00', 0.7392),
	(49, '2018-07-18 00:00:00', 0.7394),
	(49, '2018-07-20 00:00:00', 0.739),
	(49, '2018-07-21 00:00:00', 0.7395),
	(49, '2018-07-22 00:00:00', 0.7427),
	(49, '2018-07-23 00:00:00', 0.7427),
	(49, '2018-07-24 00:00:00', 0.7428),
	(49, '2018-07-25 00:00:00', 0.7446),
	(49, '2018-07-27 00:00:00', 0.7447),
	(49, '2018-07-28 00:00:00', 0.744),
	(49, '2018-07-29 00:00:00', 0.7458),
	(49, '2018-07-30 00:00:00', 0.7464),
	(49, '2018-07-31 00:00:00', 0.7469),
	(49, '2018-08-01 00:00:00', 0.7446),
	(49, '2018-08-03 00:00:00', 0.7447),
	(49, '2018-08-04 00:00:00', 0.745),
	(49, '2018-08-05 00:00:00', 0.7477),
	(49, '2018-08-06 00:00:00', 0.7472),
	(49, '2018-08-07 00:00:00', 0.7483),
	(49, '2018-08-08 00:00:00', 0.7457),
	(49, '2018-08-10 00:00:00', 0.746),
	(49, '2018-08-11 00:00:00', 0.747),
	(49, '2018-08-12 00:00:00', 0.748),
	(49, '2018-08-13 00:00:00', 0.7482),
	(49, '2018-08-14 00:00:00', 0.7482),
	(49, '2018-08-15 00:00:00', 0.7463),
	(49, '2018-08-17 00:00:00', 0.7469),
	(49, '2018-08-18 00:00:00', 0.7483),
	(49, '2018-08-19 00:00:00', 0.7508),
	(49, '2018-08-20 00:00:00', 0.7541),
	(49, '2018-08-21 00:00:00', 0.7529),
	(49, '2018-08-22 00:00:00', 0.7551),
	(49, '2018-08-24 00:00:00', 0.7577),
	(49, '2018-08-25 00:00:00', 0.758),
	(49, '2018-08-26 00:00:00', 0.7593),
	(49, '2018-08-27 00:00:00', 0.758),
	(49, '2018-08-28 00:00:00', 0.7585),
	(49, '2018-08-29 00:00:00', 0.7614),
	(49, '2018-08-31 00:00:00', 0.7618),
	(49, '2018-09-01 00:00:00', 0.7618),
	(49, '2018-09-02 00:00:00', 0.7614),
	(49, '2018-09-03 00:00:00', 0.7604),
	(49, '2018-09-04 00:00:00', 0.7725),
	(49, '2018-09-05 00:00:00', 0.7722),
	(49, '2018-09-07 00:00:00', 0.7721),
	(49, '2018-09-08 00:00:00', 0.7753),
	(49, '2018-09-09 00:00:00', 0.773),
	(49, '2018-09-10 00:00:00', 0.7742),
	(49, '2018-09-11 00:00:00', 0.7736),
	(49, '2018-09-12 00:00:00', 0.7713),
	(49, '2018-09-14 00:00:00', 0.7717),
	(49, '2018-09-15 00:00:00', 0.7727),
	(49, '2018-09-16 00:00:00', 0.7716),
	(49, '2018-09-17 00:00:00', 0.7772),
	(49, '2018-09-18 00:00:00', 0.7739),
	(49, '2018-09-19 00:00:00', 0.7794),
	(49, '2018-09-21 00:00:00', 0.7788),
	(49, '2018-09-22 00:00:00', 0.7782),
	(49, '2018-09-23 00:00:00', 0.7784),
	(49, '2018-09-24 00:00:00', 0.7824),
	(49, '2018-09-25 00:00:00', 0.7843),
	(49, '2018-09-26 00:00:00', 0.7884),
	(49, '2018-09-28 00:00:00', 0.7891),
	(49, '2018-09-29 00:00:00', 0.7883),
	(49, '2018-09-30 00:00:00', 0.7916),
	(49, '2018-10-01 00:00:00', 0.7922),
	(49, '2018-10-02 00:00:00', 0.7893),
	(49, '2018-10-03 00:00:00', 0.7989),
	(49, '2018-10-05 00:00:00', 0.7992),
	(49, '2018-10-06 00:00:00', 0.7903),
	(49, '2018-10-07 00:00:00', 0.7893),
	(49, '2018-10-08 00:00:00', 0.7853),
	(49, '2018-10-09 00:00:00', 0.788),
	(49, '2018-10-10 00:00:00', 0.7919),
	(49, '2018-10-12 00:00:00', 0.7912),
	(49, '2018-10-13 00:00:00', 0.7842),
	(49, '2018-10-14 00:00:00', 0.79),
	(49, '2018-10-15 00:00:00', 0.779),
	(49, '2018-10-16 00:00:00', 0.7806),
	(49, '2018-10-17 00:00:00', 0.7835),
	(49, '2018-10-19 00:00:00', 0.7844),
	(49, '2018-10-20 00:00:00', 0.7813),
	(49, '2018-10-21 00:00:00', 0.7864),
	(49, '2018-10-22 00:00:00', 0.7905),
	(49, '2018-10-23 00:00:00', 0.7907),
	(49, '2018-10-24 00:00:00', 0.7893),
	(49, '2018-10-26 00:00:00', 0.7889),
	(49, '2018-10-27 00:00:00', 0.7875),
	(49, '2018-10-28 00:00:00', 0.7853),
	(49, '2018-10-29 00:00:00', 0.7916),
	(49, '2018-10-30 00:00:00', 0.7929),
	(49, '2018-10-31 00:00:00', 0.7984),
	(49, '2018-11-02 00:00:00', 0.7999),
	(49, '2018-11-03 00:00:00', 0.8012),
	(49, '2018-11-04 00:00:00', 0.7971),
	(49, '2018-11-05 00:00:00', 0.8009),
	(49, '2018-11-06 00:00:00', 0.8081),
	(49, '2018-11-07 00:00:00', 0.803),
	(49, '2018-11-09 00:00:00', 0.8025),
	(49, '2018-11-10 00:00:00', 0.8051),
	(49, '2018-11-11 00:00:00', 0.8016),
	(49, '2018-11-12 00:00:00', 0.804),
	(49, '2018-11-13 00:00:00', 0.8015),
	(49, '2018-11-14 00:00:00', 0.7985),
	(49, '2018-11-16 00:00:00', 0.7988),
	(49, '2018-11-17 00:00:00', 0.8032),
	(49, '2018-11-18 00:00:00', 0.7976),
	(49, '2018-11-19 00:00:00', 0.7965),
	(49, '2018-11-20 00:00:00', 0.7975),
	(49, '2018-11-21 00:00:00', 0.8071),
	(49, '2018-11-23 00:00:00', 0.8082),
	(49, '2018-11-24 00:00:00', 0.8037),
	(49, '2018-11-25 00:00:00', 0.8016),
	(49, '2018-11-26 00:00:00', 0.7996),
	(49, '2018-11-27 00:00:00', 0.8022),
	(49, '2018-11-28 00:00:00', 0.8031),
	(49, '2018-11-30 00:00:00', 0.804),
	(49, '2018-12-01 00:00:00', 0.802),
	(49, '2018-12-02 00:00:00', 0.8075),
	(49, '2018-12-03 00:00:00', 0.8123),
	(49, '2018-12-04 00:00:00', 0.8078),
	(49, '2018-12-05 00:00:00', 0.8139),
	(49, '2018-12-07 00:00:00', 0.8135),
	(49, '2018-12-08 00:00:00', 0.8119),
	(49, '2018-12-09 00:00:00', 0.8081),
	(49, '2018-12-10 00:00:00', 0.8034),
	(49, '2018-12-11 00:00:00', 0.8057),
	(49, '2018-12-12 00:00:00', 0.8024),
	(49, '2018-12-14 00:00:00', 0.8024),
	(49, '2018-12-15 00:00:00', 0.804),
	(49, '2018-12-16 00:00:00', 0.7993),
	(49, '2018-12-17 00:00:00', 0.8102),
	(49, '2018-12-18 00:00:00', 0.8139),
	(49, '2018-12-19 00:00:00', 0.8177),
	(49, '2018-12-21 00:00:00', 0.818),
	(49, '2018-12-22 00:00:00', 0.8176),
	(49, '2018-12-23 00:00:00', 0.8215),
	(49, '2018-12-24 00:00:00', 0.82),
	(49, '2018-12-25 00:00:00', 0.8182),
	(49, '2018-12-26 00:00:00', 0.8213),
	(49, '2018-12-28 00:00:00', 0.8218),
	(49, '2018-12-29 00:00:00', 0.8229),
	(49, '2018-12-30 00:00:00', 0.8225),
	(49, '2018-12-31 00:00:00', 0.8266),
	(49, '2019-01-01 00:00:00', 0.8262),
	(49, '2019-01-02 00:00:00', 0.8331),
	(49, '2019-01-04 00:00:00', 0.8371),
	(49, '2019-01-05 00:00:00', 0.838),
	(49, '2019-01-06 00:00:00', 0.8411),
	(49, '2019-01-07 00:00:00', 0.8447),
	(49, '2019-01-08 00:00:00', 0.848),
	(49, '2019-01-09 00:00:00', 0.8445),
	(49, '2019-01-11 00:00:00', 0.8425),
	(49, '2019-01-12 00:00:00', 0.8451),
	(49, '2019-01-13 00:00:00', 0.8495),
	(49, '2019-01-14 00:00:00', 0.8482),
	(49, '2019-01-15 00:00:00', 0.8598),
	(49, '2019-01-16 00:00:00', 0.8643),
	(49, '2019-01-18 00:00:00', 0.8648),
	(49, '2019-01-19 00:00:00', 0.8617),
	(49, '2019-01-20 00:00:00', 0.8658),
	(49, '2019-01-21 00:00:00', 0.8613),
	(49, '2019-01-22 00:00:00', 0.8798),
	(49, '2019-01-23 00:00:00', 0.8922),
	(49, '2019-01-25 00:00:00', 0.899),
	(49, '2019-01-26 00:00:00', 0.8898),
	(49, '2019-01-27 00:00:00', 0.8787),
	(49, '2019-01-28 00:00:00', 0.8859),
	(49, '2019-01-29 00:00:00', 0.8834),
	(49, '2019-01-30 00:00:00', 0.8859),
	(49, '2019-02-01 00:00:00', 0.8843),
	(49, '2019-02-02 00:00:00', 0.8817),
	(49, '2019-02-03 00:00:00', 0.871),
	(49, '2019-02-04 00:00:00', 0.8813),
	(49, '2019-02-05 00:00:00', 0.8713),
	(49, '2019-02-06 00:00:00', 0.8837),
	(49, '2019-02-08 00:00:00', 0.8839),
	(49, '2019-02-09 00:00:00', 0.8831),
	(49, '2019-02-10 00:00:00', 0.8833),
	(49, '2019-02-11 00:00:00', 0.8823),
	(49, '2019-02-12 00:00:00', 0.877),
	(49, '2019-02-13 00:00:00', 0.8783),
	(49, '2019-02-15 00:00:00', 0.8774),
	(49, '2019-02-16 00:00:00', 0.8807),
	(49, '2019-02-17 00:00:00', 0.8762),
	(49, '2019-02-18 00:00:00', 0.8774),
	(49, '2019-02-19 00:00:00', 0.8798),
	(49, '2019-02-20 00:00:00', 0.8787),
	(49, '2019-02-22 00:00:00', 0.8787),
	(49, '2019-02-23 00:00:00', 0.8824),
	(49, '2019-02-24 00:00:00', 0.8818),
	(49, '2019-02-25 00:00:00', 0.8801),
	(49, '2019-02-26 00:00:00', 0.8931),
	(49, '2019-02-27 00:00:00', 0.8932);

-- Volcando estructura para tabla monedas.moneda
DROP TABLE IF EXISTS `moneda`;
CREATE TABLE IF NOT EXISTS `moneda` (
  `Id` int(11) NOT NULL AUTO_INCREMENT,
  `Moneda` varchar(100) NOT NULL,
  `Sigla` varchar(5) NOT NULL,
  `Simbolo` varchar(5) DEFAULT NULL,
  `Emisor` varchar(100) DEFAULT NULL,
  `Imagen` mediumblob DEFAULT NULL,
  PRIMARY KEY (`Id`),
  UNIQUE KEY `ixMoneda` (`Moneda`)
) ENGINE=InnoDB AUTO_INCREMENT=178 DEFAULT CHARSET=utf8mb3;

-- Volcando datos para la tabla monedas.moneda: ~177 rows (aproximadamente)
DELETE FROM `moneda`;
INSERT INTO `moneda` (`Id`, `Moneda`, `Sigla`, `Simbolo`, `Emisor`, `Imagen`) VALUES
	(1, 'Dírham de los Emiratos Árabes Unidos', 'AED', NULL, NULL, NULL),
	(2, 'Afgani', 'AFN', NULL, NULL, NULL),
	(3, 'Lek', 'ALL', NULL, NULL, NULL),
	(4, 'Dram armenio', 'AMD', NULL, NULL, NULL),
	(5, 'Florín antillano neerlandés', 'ANG', NULL, NULL, NULL),
	(6, 'Kwanza', 'AOA', NULL, NULL, NULL),
	(7, 'Peso argentino', 'ARS', NULL, NULL, NULL),
	(8, 'Dólar australiano', 'AUD', NULL, NULL, NULL),
	(9, 'Florín arubeño', 'AWG', NULL, NULL, NULL),
	(10, 'Manat azerbaiyano', 'AZN', NULL, NULL, NULL),
	(11, 'Marco convertible', 'BAM', NULL, NULL, NULL),
	(12, 'Dólar de Barbados', 'BBD', NULL, NULL, NULL),
	(13, 'Taka', 'BDT', NULL, NULL, NULL),
	(14, 'Lev búlgaro', 'BGN', NULL, NULL, NULL),
	(15, 'Dinar bareiní', 'BHD', NULL, NULL, NULL),
	(16, 'Franco de Burundi', 'BIF', NULL, NULL, NULL),
	(17, 'Dólar bermudeño', 'BMD', NULL, NULL, NULL),
	(18, 'Dólar de Brunéi', 'BND', NULL, NULL, NULL),
	(19, 'Boliviano', 'BOB', NULL, NULL, NULL),
	(20, 'MVDOL', 'BOV', NULL, NULL, NULL),
	(21, 'Real brasileño', 'BRL', NULL, NULL, NULL),
	(22, 'Dólar bahameño', 'BSD', NULL, NULL, NULL),
	(23, 'Ngultrum', 'BTN', NULL, NULL, NULL),
	(24, 'Pula', 'BWP', NULL, NULL, NULL),
	(25, 'Rublo bielorruso', 'BYR', NULL, NULL, NULL),
	(26, 'Dólar beliceño', 'BZD', NULL, NULL, NULL),
	(27, 'Dólar canadiense', 'CAD', NULL, NULL, NULL),
	(28, 'Franco congoleño', 'CDF', NULL, NULL, NULL),
	(29, 'Euro WIR', 'CHE', NULL, NULL, NULL),
	(30, 'Franco suizo', 'CHF', NULL, NULL, NULL),
	(31, 'Franco WIR', 'CHW', NULL, NULL, NULL),
	(32, 'Unidad de fomento', 'CLF', NULL, NULL, NULL),
	(33, 'Peso chileno', 'CLP', NULL, NULL, NULL),
	(34, 'Yuan chino', 'CNY', NULL, NULL, NULL),
	(35, 'Peso colombiano', 'COP', NULL, NULL, NULL),
	(36, 'Unidad de valor real', 'COU', NULL, NULL, NULL),
	(37, 'Colón costarricense', 'CRC', NULL, NULL, NULL),
	(38, 'Peso convertible', 'CUC', NULL, NULL, NULL),
	(39, 'Peso cubano', 'CUP', NULL, NULL, NULL),
	(40, 'Escudo caboverdiano', 'CVE', NULL, NULL, NULL),
	(41, 'Corona checa', 'CZK', NULL, NULL, NULL),
	(42, 'Franco yibutiano', 'DJF', NULL, NULL, NULL),
	(43, 'Corona danesa', 'DKK', NULL, NULL, NULL),
	(44, 'Peso dominicano', 'DOP', NULL, NULL, NULL),
	(45, 'Dinar argelino', 'DZD', NULL, NULL, NULL),
	(46, 'Libra egipcia', 'EGP', NULL, NULL, NULL),
	(47, 'Nakfa', 'ERN', NULL, NULL, NULL),
	(48, 'Birr etíope', 'ETB', NULL, NULL, NULL),
	(49, 'Euro', 'EUR', NULL, NULL, NULL),
	(50, 'Dólar fiyiano', 'FJD', NULL, NULL, NULL),
	(51, 'Libra malvinense', 'FKP', NULL, NULL, NULL),
	(52, 'Libra esterlina', 'GBP', NULL, NULL, NULL),
	(53, 'Lari', 'GEL', NULL, NULL, NULL),
	(54, 'Cedi ghanés', 'GHS', NULL, NULL, NULL),
	(55, 'Libra de Gibraltar', 'GIP', NULL, NULL, NULL),
	(56, 'Dalasi', 'GMD', NULL, NULL, NULL),
	(57, 'Franco guineano', 'GNF', NULL, NULL, NULL),
	(58, 'Quetzal', 'GTQ', NULL, NULL, NULL),
	(59, 'Dólar guyanés', 'GYD', NULL, NULL, NULL),
	(60, 'Dólar de Hong Kong', 'HKD', NULL, NULL, NULL),
	(61, 'Lempira', 'HNL', NULL, NULL, NULL),
	(62, 'Kuna', 'HRK', NULL, NULL, NULL),
	(63, 'Gourde', 'HTG', NULL, NULL, NULL),
	(64, 'Forinto', 'HUF', NULL, NULL, NULL),
	(65, 'Rupia indonesia', 'IDR', NULL, NULL, NULL),
	(66, 'Nuevo shéquel israelí', 'ILS', NULL, NULL, NULL),
	(67, 'Rupia india', 'INR', NULL, NULL, NULL),
	(68, 'Dinar iraquí', 'IQD', NULL, NULL, NULL),
	(69, 'Rial iraní', 'IRR', NULL, NULL, NULL),
	(70, 'Corona islandesa', 'ISK', NULL, NULL, NULL),
	(71, 'Dólar jamaiquino', 'JMD', NULL, NULL, NULL),
	(72, 'Dinar jordano', 'JOD', NULL, NULL, NULL),
	(73, 'Yen', 'JPY', NULL, NULL, NULL),
	(74, 'Chelín keniano', 'KES', NULL, NULL, NULL),
	(75, 'Som', 'KGS', NULL, NULL, NULL),
	(76, 'Riel', 'KHR', NULL, NULL, NULL),
	(77, 'Franco comorense', 'KMF', NULL, NULL, NULL),
	(78, 'Won norcoreano', 'KPW', NULL, NULL, NULL),
	(79, 'Won', 'KRW', NULL, NULL, NULL),
	(80, 'Dinar kuwaití', 'KWD', NULL, NULL, NULL),
	(81, 'Dólar de las Islas Caimán', 'KYD', NULL, NULL, NULL),
	(82, 'Tenge', 'KZT', NULL, NULL, NULL),
	(83, 'Kip', 'LAK', NULL, NULL, NULL),
	(84, 'Libra libanesa', 'LBP', NULL, NULL, NULL),
	(85, 'Rupia de Sri Lanka', 'LKR', NULL, NULL, NULL),
	(86, 'Dólar liberiano', 'LRD', NULL, NULL, NULL),
	(87, 'Loti', 'LSL', NULL, NULL, NULL),
	(88, 'Dinar libio', 'LYD', NULL, NULL, NULL),
	(89, 'Dírham marroquí', 'MAD', NULL, NULL, NULL),
	(90, 'Leu moldavo', 'MDL', NULL, NULL, NULL),
	(91, 'Ariary malgache', 'MGA', NULL, NULL, NULL),
	(92, 'Denar', 'MKD', NULL, NULL, NULL),
	(93, 'Kyat', 'MMK', NULL, NULL, NULL),
	(94, 'Tugrik', 'MNT', NULL, NULL, NULL),
	(95, 'Pataca', 'MOP', NULL, NULL, NULL),
	(96, 'Uguiya', 'MRO', NULL, NULL, NULL),
	(97, 'Rupia de Mauricio', 'MUR', NULL, NULL, NULL),
	(98, 'Rufiyaa', 'MVR', NULL, NULL, NULL),
	(99, 'Kwacha', 'MWK', NULL, NULL, NULL),
	(100, 'Peso mexicano', 'MXN', NULL, NULL, NULL),
	(101, 'Unidad de Inversión (UDI); mexicana', 'MXV', NULL, NULL, NULL),
	(102, 'Ringgit malayo', 'MYR', NULL, NULL, NULL),
	(103, 'Metical mozambiqueño', 'MZN', NULL, NULL, NULL),
	(104, 'Dólar namibio', 'NAD', NULL, NULL, NULL),
	(105, 'Naira', 'NGN', NULL, NULL, NULL),
	(106, 'Córdoba', 'NIO', NULL, NULL, NULL),
	(107, 'Corona noruega', 'NOK', NULL, NULL, NULL),
	(108, 'Rupia nepalí', 'NPR', NULL, NULL, NULL),
	(109, 'Dólar neozelandés', 'NZD', NULL, NULL, NULL),
	(110, 'Rial omaní', 'OMR', NULL, NULL, NULL),
	(111, 'Balboa', 'PAB', NULL, NULL, NULL),
	(112, 'Sol', 'PEN', NULL, NULL, NULL),
	(113, 'Kina', 'PGK', NULL, NULL, NULL),
	(114, 'Peso filipino', 'PHP', NULL, NULL, NULL),
	(115, 'Rupia pakistaní', 'PKR', NULL, NULL, NULL),
	(116, 'Złoty', 'PLN', NULL, NULL, NULL),
	(117, 'Guaraní', 'PYG', NULL, NULL, NULL),
	(118, 'Riyal qatarí', 'QAR', NULL, NULL, NULL),
	(119, 'Leu rumano', 'RON', NULL, NULL, NULL),
	(120, 'Dinar serbio', 'RSD', NULL, NULL, NULL),
	(121, 'Rublo ruso', 'RUB', NULL, NULL, NULL),
	(122, 'Franco ruandés', 'RWF', NULL, NULL, NULL),
	(123, 'Riyal saudí', 'SAR', NULL, NULL, NULL),
	(124, 'Dólar de las Islas Salomón', 'SBD', NULL, NULL, NULL),
	(125, 'Rupia seychelense', 'SCR', NULL, NULL, NULL),
	(126, 'Dinar sudanés', 'SDG', NULL, NULL, NULL),
	(127, 'Corona sueca', 'SEK', NULL, NULL, NULL),
	(128, 'Dólar de Singapur', 'SGD', NULL, NULL, NULL),
	(129, 'Libra de Santa Elena', 'SHP', NULL, NULL, NULL),
	(130, 'Leone', 'SLL', NULL, NULL, NULL),
	(131, 'Chelín somalí', 'SOS', NULL, NULL, NULL),
	(132, 'Dólar surinamés', 'SRD', NULL, NULL, NULL),
	(133, 'Libra sursudanesa', 'SSP', NULL, NULL, NULL),
	(134, 'Dobra', 'STD', NULL, NULL, NULL),
	(135, 'Colon Salvadoreño', 'SVC', NULL, NULL, NULL),
	(136, 'Libra siria', 'SYP', NULL, NULL, NULL),
	(137, 'Lilangeni', 'SZL', NULL, NULL, NULL),
	(138, 'Baht', 'THB', NULL, NULL, NULL),
	(139, 'Somoni tayiko', 'TJS', NULL, NULL, NULL),
	(140, 'Manat turcomano', 'TMT', NULL, NULL, NULL),
	(141, 'Dinar tunecino', 'TND', NULL, NULL, NULL),
	(142, 'Pa´anga', 'TOP', NULL, NULL, NULL),
	(143, 'Lira turca', 'TRY', NULL, NULL, NULL),
	(144, 'Dólar de Trinidad y Tobago', 'TTD', NULL, NULL, NULL),
	(145, 'Nuevo dólar taiwanés', 'TWD', NULL, NULL, NULL),
	(146, 'Chelín tanzano', 'TZS', NULL, NULL, NULL),
	(147, 'Grivna', 'UAH', NULL, NULL, NULL),
	(148, 'Chelín ugandés', 'UGX', NULL, NULL, NULL),
	(149, 'Dólar estadounidense', 'USD', NULL, NULL, NULL),
	(150, 'Dólar estadounidense (Siguiente día);', 'USN', NULL, NULL, NULL),
	(151, 'Peso en Unidades Indexadas (Uruguay);', 'UYI', NULL, NULL, NULL),
	(152, 'Peso uruguayo', 'UYU', NULL, NULL, NULL),
	(153, 'Som uzbeko', 'UZS', NULL, NULL, NULL),
	(154, 'Bolívar', 'VEF', NULL, NULL, NULL),
	(155, 'Bolívar soberano', 'VES7', NULL, NULL, NULL),
	(156, 'Dong vietnamita', 'VND', NULL, NULL, NULL),
	(157, 'Vatu', 'VUV', NULL, NULL, NULL),
	(158, 'Tala', 'WST', NULL, NULL, NULL),
	(159, 'Franco CFA de África Central', 'XAF', NULL, NULL, NULL),
	(160, 'Plata (una onza troy);', 'XAG', NULL, NULL, NULL),
	(161, 'Oro (una onza troy);', 'XAU', NULL, NULL, NULL),
	(162, 'Unidad compuesta europea (EURCO); (Unidad del mercado de bonos);', 'XBA', NULL, NULL, NULL),
	(163, 'Unidad Monetaria europea (E.M.U.-6); (Unidad del mercado de bonos);', 'XBB', NULL, NULL, NULL),
	(164, 'Unidad europea de cuenta 9 (E.U.A.-9); (Unidad del mercado de bonos);', 'XBC', NULL, NULL, NULL),
	(165, 'Unidad europea de cuenta 17 (E.U.A.-17); (Unidad del mercado de bonos);', 'XBD', NULL, NULL, NULL),
	(166, 'Dólar del Caribe Oriental', 'XCD', NULL, NULL, NULL),
	(167, 'Derechos especiales de giro', 'XDR', NULL, NULL, NULL),
	(168, 'Franco CFA de África Occidental', 'XOF', NULL, NULL, NULL),
	(169, 'Paladio (una onza troy);', 'XPD', NULL, NULL, NULL),
	(170, 'Franco CFP', 'XPF', NULL, NULL, NULL),
	(171, 'Platino (una onza troy);', 'XPT', NULL, NULL, NULL),
	(172, 'SUCRE', 'XSU', NULL, NULL, NULL),
	(173, 'Unidad de cuenta BAD', 'XUA', NULL, NULL, NULL),
	(174, 'Rial yemení', 'YER', NULL, NULL, NULL),
	(175, 'Rand', 'ZAR', NULL, NULL, NULL),
	(176, 'Kwacha zambiano', 'ZMW', NULL, NULL, NULL),
	(177, 'Dólar zimbabuense', 'ZWL', NULL, NULL, NULL);

-- Volcando estructura para tabla monedas.pais
DROP TABLE IF EXISTS `pais`;
CREATE TABLE IF NOT EXISTS `pais` (
  `Id` int(11) NOT NULL AUTO_INCREMENT,
  `Pais` varchar(50) NOT NULL,
  `CodigoAlfa2` varchar(5) NOT NULL,
  `CodigoAlfa3` varchar(5) NOT NULL,
  `IdMoneda` int(11) NOT NULL,
  `Mapa` mediumblob DEFAULT NULL,
  `Bandera` blob DEFAULT NULL,
  PRIMARY KEY (`Id`),
  UNIQUE KEY `ixPais` (`Pais`),
  KEY `fkPais_IdMoneda` (`IdMoneda`),
  CONSTRAINT `fkPais_IdMoneda` FOREIGN KEY (`IdMoneda`) REFERENCES `moneda` (`Id`)
) ENGINE=InnoDB AUTO_INCREMENT=895 DEFAULT CHARSET=utf8mb3;

-- Volcando datos para la tabla monedas.pais: ~249 rows (aproximadamente)
DELETE FROM `pais`;
INSERT INTO `pais` (`Id`, `Pais`, `CodigoAlfa2`, `CodigoAlfa3`, `IdMoneda`, `Mapa`, `Bandera`) VALUES
	(4, 'Afganistán', 'AF', 'AFG', 2, NULL, NULL),
	(8, 'Albania', 'AL', 'ALB', 3, NULL, NULL),
	(10, 'Antártida', 'AQ', 'ATA', 149, NULL, NULL),
	(12, 'Argelia', 'DZ', 'DZA', 45, NULL, NULL),
	(16, 'Samoa Americana', 'AS', 'ASM', 149, NULL, NULL),
	(20, 'Andorra', 'AD', 'AND', 49, NULL, NULL),
	(24, 'Angola', 'AO', 'AGO', 6, NULL, NULL),
	(28, 'Antigua y Barbuda', 'AG', 'ATG', 166, NULL, NULL),
	(31, 'Azerbaiyán', 'AZ', 'AZE', 10, NULL, NULL),
	(32, 'Argentina', 'AR', 'ARG', 7, NULL, NULL),
	(36, 'Australia', 'AU', 'AUS', 8, NULL, NULL),
	(40, 'Austria', 'AT', 'AUT', 49, NULL, NULL),
	(44, 'Bahamas', 'BS', 'BHS', 22, NULL, NULL),
	(48, 'Baréin', 'BH', 'BHR', 15, NULL, NULL),
	(50, 'Bangladés', 'BD', 'BGD', 13, NULL, NULL),
	(51, 'Armenia', 'AM', 'ARM', 4, NULL, NULL),
	(52, 'Barbados', 'BB', 'BRB', 12, NULL, NULL),
	(56, 'Bélgica', 'BE', 'BEL', 49, NULL, NULL),
	(60, 'Bermudas', 'BM', 'BMU', 17, NULL, NULL),
	(64, 'Bután', 'BT', 'BTN', 23, NULL, NULL),
	(68, 'Bolivia', 'BO', 'BOL', 19, NULL, NULL),
	(70, 'Bosnia y Herzegovina', 'BA', 'BIH', 11, NULL, NULL),
	(72, 'Botsuana', 'BW', 'BWA', 24, NULL, NULL),
	(74, 'Isla Bouvet', 'BV', 'BVT', 107, NULL, NULL),
	(76, 'Brasil', 'BR', 'BRA', 21, NULL, NULL),
	(84, 'Belice', 'BZ', 'BLZ', 26, NULL, NULL),
	(86, 'Territorio Británico del Océano Índico', 'IO', 'IOT', 52, NULL, NULL),
	(90, 'Islas Salomón', 'SB', 'SLB', 124, NULL, NULL),
	(92, 'Islas Vírgenes Británicas', 'VG', 'VGB', 52, NULL, NULL),
	(96, 'Brunéi', 'BN', 'BRN', 18, NULL, NULL),
	(100, 'Bulgaria', 'BG', 'BGR', 14, NULL, NULL),
	(104, 'Myanmar', 'MM', 'MMR', 93, NULL, NULL),
	(108, 'Burundi', 'BI', 'BDI', 16, NULL, NULL),
	(112, 'Bielorrusia', 'BY', 'BLR', 25, NULL, NULL),
	(116, 'Camboya', 'KH', 'KHM', 76, NULL, NULL),
	(120, 'Camerún', 'CM', 'CMR', 159, NULL, NULL),
	(124, 'Canadá', 'CA', 'CAN', 27, NULL, NULL),
	(132, 'Cabo Verde', 'CV', 'CPV', 40, NULL, NULL),
	(136, 'Islas Caimán', 'KY', 'CYM', 81, NULL, NULL),
	(140, 'República Centroafricana', 'CF', 'CAF', 159, NULL, NULL),
	(144, 'Sri Lanka', 'LK', 'LKA', 85, NULL, NULL),
	(148, 'Chad', 'TD', 'TCD', 159, NULL, NULL),
	(152, 'Chile', 'CL', 'CHL', 32, NULL, NULL),
	(156, 'China', 'CN', 'CHN', 34, NULL, NULL),
	(158, 'Taiwán (República de China);', 'TW', 'TWN', 145, NULL, NULL),
	(162, 'Isla de Navidad', 'CX', 'CXR', 8, NULL, NULL),
	(166, 'Islas Cocos', 'CC', 'CCK', 8, NULL, NULL),
	(170, 'Colombia', 'CO', 'COL', 35, NULL, NULL),
	(174, 'Comoras', 'KM', 'CON', 77, NULL, NULL),
	(175, 'Mayotte', 'YT', 'MYT', 49, NULL, NULL),
	(178, 'República del Congo', 'CG', 'COG', 28, NULL, NULL),
	(180, 'República Democrática del Congo', 'CD', 'COD', 28, NULL, NULL),
	(184, 'Islas Cook', 'CK', 'COK', 109, NULL, NULL),
	(188, 'Costa Rica', 'CR', 'CRI', 37, NULL, NULL),
	(191, 'Croacia', 'HR', 'HRV', 62, NULL, NULL),
	(192, 'Cuba', 'CU', 'CUB', 38, NULL, NULL),
	(196, 'Chipre', 'CY', 'CYP', 49, NULL, NULL),
	(203, 'República Checa', 'CZ', 'CZE', 41, NULL, NULL),
	(204, 'Benín', 'BJ', 'BEN', 168, NULL, NULL),
	(208, 'Dinamarca', 'DK', 'DNK', 49, NULL, NULL),
	(212, 'Dominica', 'DM', 'DMA', 166, NULL, NULL),
	(214, 'República Dominicana', 'DO', 'DOM', 44, NULL, NULL),
	(218, 'Ecuador', 'EC', 'ECU', 149, NULL, NULL),
	(222, 'El Salvador', 'SV', 'SLV', 135, NULL, NULL),
	(226, 'Guinea Ecuatorial', 'GQ', 'GNQ', 159, NULL, NULL),
	(231, 'Etiopía', 'ET', 'ETH', 48, NULL, NULL),
	(232, 'Eritrea', 'ER', 'ERI', 47, NULL, NULL),
	(233, 'Estonia', 'EE', 'EST', 49, NULL, NULL),
	(234, 'Islas Feroe', 'FO', 'FRO', 43, NULL, NULL),
	(238, 'Islas Malvinas', 'FK', 'FLK', 51, NULL, NULL),
	(239, 'Islas Georgias del Sur y Sandwich del Sur', 'GS', 'SGS', 52, NULL, NULL),
	(242, 'Fiyi', 'FJ', 'FJI', 50, NULL, NULL),
	(246, 'Finlandia', 'FI', 'FIN', 49, NULL, NULL),
	(248, 'Åland', 'AX', 'ALA', 49, NULL, NULL),
	(250, 'Francia', 'FR', 'FRA', 49, NULL, NULL),
	(254, 'Guayana Francesa', 'GF', 'GUF', 49, NULL, NULL),
	(258, 'Polinesia Francesa', 'PF', 'PYF', 170, NULL, NULL),
	(260, 'Tierras Australes y Antárticas Francesas', 'TF', 'ATF', 49, NULL, NULL),
	(262, 'Yibuti', 'DJ', 'DJI', 42, NULL, NULL),
	(266, 'Gabón', 'GA', 'GAB', 159, NULL, NULL),
	(268, 'Georgia', 'GE', 'GEO', 53, NULL, NULL),
	(270, 'Gambia', 'GM', 'GMB', 56, NULL, NULL),
	(275, 'Palestina', 'PS', 'PSE', 72, NULL, NULL),
	(276, 'Alemania', 'DE', 'DEU', 49, NULL, NULL),
	(288, 'Ghana', 'GH', 'GHA', 54, NULL, NULL),
	(292, 'Gibraltar', 'GI', 'GIB', 55, NULL, NULL),
	(296, 'Kiribati', 'KI', 'KIR', 8, NULL, NULL),
	(300, 'Grecia', 'GR', 'GRC', 49, NULL, NULL),
	(304, 'Groenlandia', 'GL', 'GRL', 43, NULL, NULL),
	(308, 'Granada', 'GD', 'GRD', 166, NULL, NULL),
	(312, 'Guadalupe', 'GP', 'GLP', 49, NULL, NULL),
	(316, 'Guam', 'GU', 'GUM', 149, NULL, NULL),
	(320, 'Guatemala', 'GT', 'GTM', 58, NULL, NULL),
	(324, 'Guinea', 'GN', 'GIN', 57, NULL, NULL),
	(328, 'Guyana', 'GY', 'GUY', 59, NULL, NULL),
	(332, 'Haití', 'HT', 'HTI', 63, NULL, NULL),
	(334, 'Islas Heard y McDonald', 'HM', 'HMD', 8, NULL, NULL),
	(336, 'Vaticano, Ciudad del', 'VA', 'VAT', 49, NULL, NULL),
	(340, 'Honduras', 'HN', 'HND', 61, NULL, NULL),
	(344, 'Hong Kong', 'HK', 'HKG', 60, NULL, NULL),
	(348, 'Hungría', 'HU', 'HUN', 64, NULL, NULL),
	(352, 'Islandia', 'IS', 'ISL', 70, NULL, NULL),
	(356, 'India', 'IN', 'IND', 67, NULL, NULL),
	(360, 'Indonesia', 'ID', 'IDN', 65, NULL, NULL),
	(364, 'Irán', 'IR', 'IRN', 69, NULL, NULL),
	(368, 'Irak', 'IQ', 'IRQ', 68, NULL, NULL),
	(372, 'Irlanda', 'IE', 'IRL', 49, NULL, NULL),
	(376, 'Israel', 'IL', 'ISR', 66, NULL, NULL),
	(380, 'Italia', 'IT', 'ITA', 49, NULL, NULL),
	(384, 'Costa de Marfil', 'CI', 'CIV', 168, NULL, NULL),
	(388, 'Jamaica', 'JM', 'JAM', 71, NULL, NULL),
	(392, 'Japón', 'JP', 'JPN', 73, NULL, NULL),
	(398, 'Kazajistán', 'KZ', 'KAZ', 82, NULL, NULL),
	(400, 'Jordania', 'JO', 'JOR', 72, NULL, NULL),
	(404, 'Kenia', 'KE', 'KEN', 74, NULL, NULL),
	(408, 'Corea del Norte', 'KP', 'PRK', 78, NULL, NULL),
	(410, 'Corea del Sur', 'KR', 'KOR', 79, NULL, NULL),
	(414, 'Kuwait', 'KW', 'KWT', 80, NULL, NULL),
	(417, 'Kirguistán', 'KG', 'KGZ', 75, NULL, NULL),
	(418, 'Laos', 'LA', 'LAO', 83, NULL, NULL),
	(422, 'Líbano', 'LB', 'LBN', 84, NULL, NULL),
	(426, 'Lesoto', 'LS', 'LSO', 87, NULL, NULL),
	(428, 'Letonia', 'LV', 'LVA', 49, NULL, NULL),
	(430, 'Liberia', 'LR', 'LBR', 86, NULL, NULL),
	(434, 'Libia', 'LY', 'LBY', 88, NULL, NULL),
	(438, 'Liechtenstein', 'LI', 'LIE', 30, NULL, NULL),
	(440, 'Lituania', 'LT', 'LTU', 49, NULL, NULL),
	(442, 'Luxemburgo', 'LU', 'LUX', 49, NULL, NULL),
	(446, 'Macao', 'MO', 'MAC', 95, NULL, NULL),
	(450, 'Madagascar', 'MG', 'MDG', 91, NULL, NULL),
	(454, 'Malaui', 'MW', 'MWI', 99, NULL, NULL),
	(458, 'Malasia', 'MY', 'MYS', 102, NULL, NULL),
	(462, 'Maldivas', 'MV', 'MDV', 98, NULL, NULL),
	(466, 'Malí', 'ML', 'MLI', 168, NULL, NULL),
	(470, 'Malta', 'MT', 'MLT', 49, NULL, NULL),
	(474, 'Martinica', 'MQ', 'MTQ', 49, NULL, NULL),
	(478, 'Mauritania', 'MR', 'MRT', 96, NULL, NULL),
	(480, 'Mauricio', 'MU', 'MUS', 97, NULL, NULL),
	(484, 'México', 'MX', 'MEX', 100, NULL, NULL),
	(492, 'Mónaco', 'MC', 'MCO', 49, NULL, NULL),
	(496, 'Mongolia', 'MN', 'MNG', 94, NULL, NULL),
	(498, 'Moldavia', 'MD', 'MDA', 90, NULL, NULL),
	(499, 'Montenegro', 'ME', 'MNE', 49, NULL, NULL),
	(500, 'Montserrat', 'MS', 'MSR', 166, NULL, NULL),
	(504, 'Marruecos', 'MA', 'MAR', 89, NULL, NULL),
	(508, 'Mozambique', 'MZ', 'MOZ', 103, NULL, NULL),
	(512, 'Omán', 'OM', 'OMN', 110, NULL, NULL),
	(516, 'Namibia', 'NA', 'NAM', 104, NULL, NULL),
	(520, 'Nauru', 'NR', 'NRU', 8, NULL, NULL),
	(524, 'Nepal', 'NP', 'NPL', 108, NULL, NULL),
	(528, 'Países Bajos', 'NL', 'NLD', 49, NULL, NULL),
	(531, 'Curazao', 'CW', 'CUW', 5, NULL, NULL),
	(533, 'Aruba', 'AW', 'ABW', 9, NULL, NULL),
	(534, 'Sint Maarten', 'SX', 'SXM', 5, NULL, NULL),
	(535, 'Bonaire, San Eustaquio y Saba', 'BQ', 'BES', 149, NULL, NULL),
	(540, 'Nueva Caledonia', 'NC', 'NCL', 170, NULL, NULL),
	(548, 'Vanuatu', 'VU', 'VUT', 157, NULL, NULL),
	(554, 'Nueva Zelanda', 'NZ', 'NZL', 109, NULL, NULL),
	(558, 'Nicaragua', 'NI', 'NIC', 106, NULL, NULL),
	(562, 'Níger', 'NE', 'NER', 168, NULL, NULL),
	(566, 'Nigeria', 'NG', 'NGA', 105, NULL, NULL),
	(570, 'Niue', 'UN', 'NIU', 109, NULL, NULL),
	(574, 'Norfolk', 'NF', 'NFK', 8, NULL, NULL),
	(578, 'Noruega', 'NO', 'NOR', 107, NULL, NULL),
	(580, 'Islas Marianas del Norte', 'MP', 'MNP', 149, NULL, NULL),
	(581, 'Islas ultramarinas de Estados Unidos', 'UM', 'UMI', 149, NULL, NULL),
	(583, 'Micronesia', 'FM', 'FSM', 149, NULL, NULL),
	(584, 'Islas Marshall', 'MH', 'MHL', 149, NULL, NULL),
	(585, 'Palaos', 'PW', 'PLW', 149, NULL, NULL),
	(586, 'Pakistán', 'PK', 'PAK', 115, NULL, NULL),
	(591, 'Panamá', 'PA', 'PAN', 111, NULL, NULL),
	(598, 'Papúa Nueva Guinea', 'PG', 'PNG', 113, NULL, NULL),
	(600, 'Paraguay', 'PY', 'PRY', 117, NULL, NULL),
	(604, 'Perú', 'PE', 'PER', 112, NULL, NULL),
	(608, 'Filipinas', 'PH', 'PHL', 114, NULL, NULL),
	(612, 'Islas Pitcairn', 'PN', 'PCN', 109, NULL, NULL),
	(616, 'Polonia', 'PL', 'POL', 116, NULL, NULL),
	(620, 'Portugal', 'PT', 'PRT', 49, NULL, NULL),
	(624, 'Guinea-Bisáu', 'GW', 'GNB', 168, NULL, NULL),
	(626, 'Timor Oriental', 'TL', 'TLS', 149, NULL, NULL),
	(630, 'Puerto Rico', 'PR', 'PRI', 149, NULL, NULL),
	(634, 'Catar', 'QA', 'QAT', 118, NULL, NULL),
	(638, 'Reunión', 'RE', 'REU', 49, NULL, NULL),
	(642, 'Rumania', 'RO', 'ROU', 119, NULL, NULL),
	(643, 'Rusia', 'RU', 'RUS', 121, NULL, NULL),
	(646, 'Ruanda', 'RW', 'RWA', 122, NULL, NULL),
	(652, 'San Bartolomé', 'BL', 'BLM', 49, NULL, NULL),
	(654, 'Santa Elena, Ascensión y Tristán de Acuña', 'SH', 'SHN', 129, NULL, NULL),
	(659, 'San Cristóbal y Nieves', 'KN', 'KNA', 166, NULL, NULL),
	(660, 'Anguila', 'AI', 'AIA', 166, NULL, NULL),
	(662, 'Santa Lucía', 'LC', 'LCA', 166, NULL, NULL),
	(663, 'San Martín', 'MF', 'MAF', 49, NULL, NULL),
	(666, 'San Pedro y Miquelón', 'PM', 'SPM', 49, NULL, NULL),
	(670, 'San Vicente y las Granadinas', 'VC', 'VCT', 166, NULL, NULL),
	(674, 'San Marino', 'SM', 'SMR', 49, NULL, NULL),
	(678, 'Santo Tomé y Príncipe', 'ST', 'STP', 134, NULL, NULL),
	(682, 'Arabia Saudita', 'SA', 'SAU', 123, NULL, NULL),
	(686, 'Senegal', 'SN', 'SEN', 168, NULL, NULL),
	(688, 'Serbia', 'RS', 'SRB', 120, NULL, NULL),
	(690, 'Seychelles', 'SC', 'SYC', 125, NULL, NULL),
	(694, 'Sierra Leona', 'SL', 'SLE', 130, NULL, NULL),
	(702, 'Singapur', 'SG', 'SGP', 128, NULL, NULL),
	(703, 'Eslovaquia', 'SK', 'SVK', 49, NULL, NULL),
	(704, 'Vietnam', 'VN', 'VNM', 156, NULL, NULL),
	(705, 'Eslovenia', 'SI', 'SVN', 49, NULL, NULL),
	(706, 'Somalia', 'SO', 'SOM', 131, NULL, NULL),
	(710, 'Sudáfrica', 'ZA', 'ZAF', 175, NULL, NULL),
	(716, 'Zimbabue', 'ZW', 'ZWE', 177, NULL, NULL),
	(724, 'España', 'ES', 'ESP', 49, NULL, NULL),
	(728, 'Sudán del Sur', 'SS', 'SSD', 133, NULL, NULL),
	(729, 'Sudán', 'SD', 'SDN', 126, NULL, NULL),
	(732, 'República Árabe Saharaui Democrática', 'EH', 'ESH', 89, NULL, NULL),
	(740, 'Surinam', 'SR', 'SUR', 132, NULL, NULL),
	(744, 'Svalbard y Jan Mayen', 'SJ', 'SJM', 107, NULL, NULL),
	(748, 'Suazilandia', 'SZ', 'SWZ', 137, NULL, NULL),
	(752, 'Suecia', 'SE', 'SWE', 127, NULL, NULL),
	(756, 'Suiza', 'CH', 'CHE', 29, NULL, NULL),
	(760, 'Siria', 'SY', 'SYR', 136, NULL, NULL),
	(762, 'Tayikistán', 'TJ', 'TJK', 139, NULL, NULL),
	(764, 'Tailandia', 'TH', 'THA', 138, NULL, NULL),
	(768, 'Togo', 'TG', 'TGO', 168, NULL, NULL),
	(772, 'Tokelau', 'TK', 'TKL', 109, NULL, NULL),
	(776, 'Tonga', 'TO', 'TON', 142, NULL, NULL),
	(780, 'Trinidad y Tobago', 'TT', 'TTO', 144, NULL, NULL),
	(784, 'Emiratos Árabes Unidos', 'AE', 'ARE', 1, NULL, NULL),
	(788, 'Túnez', 'TN', 'TUN', 141, NULL, NULL),
	(792, 'Turquía', 'TR', 'TUR', 143, NULL, NULL),
	(795, 'Turkmenistán', 'TM', 'TKM', 140, NULL, NULL),
	(796, 'Islas Turcas y Caicos', 'TC', 'TCA', 149, NULL, NULL),
	(798, 'Tuvalu', 'TV', 'TUV', 8, NULL, NULL),
	(800, 'Uganda', 'UG', 'UGA', 148, NULL, NULL),
	(804, 'Ucrania', 'UA', 'UKR', 147, NULL, NULL),
	(807, 'Macedonia', 'MK', 'MKD', 92, NULL, NULL),
	(818, 'Egipto', 'EG', 'EGY', 46, NULL, NULL),
	(826, 'Reino Unido', 'GB', 'GBR', 52, NULL, NULL),
	(831, 'Guernsey', 'GG', 'GGY', 52, NULL, NULL),
	(832, 'Jersey', 'JE', 'JEY', 52, NULL, NULL),
	(833, 'Isla de Man', 'IM', 'IMN', 52, NULL, NULL),
	(834, 'Tanzania', 'TZ', 'TZA', 146, NULL, NULL),
	(840, 'Estados Unidos', 'US', 'USA', 149, NULL, NULL),
	(850, 'Islas Vírgenes de los Estados Unidos', 'VI', 'VIR', 149, NULL, NULL),
	(854, 'Burkina Faso', 'BF', 'BFA', 168, NULL, NULL),
	(858, 'Uruguay', 'UY', 'URY', 152, NULL, NULL),
	(860, 'Uzbekistán', 'UZ', 'UZB', 153, NULL, NULL),
	(862, 'Venezuela', 'VE', 'VEN', 154, NULL, NULL),
	(876, 'Wallis y Futuna', 'WF', 'WLF', 170, NULL, NULL),
	(882, 'Samoa', 'WS', 'WSM', 158, NULL, NULL),
	(887, 'Yemen', 'YE', 'YEM', 174, NULL, NULL),
	(894, 'Zambia', 'ZM', 'ZMB', 176, NULL, NULL);

-- Volcando estructura para tabla monedas.usuario
DROP TABLE IF EXISTS `usuario`;
CREATE TABLE IF NOT EXISTS `usuario` (
  `Id` int(11) NOT NULL AUTO_INCREMENT,
  `Usuario` varchar(100) NOT NULL,
  `Nombre` varchar(100) NOT NULL,
  `Clave` varchar(100) NOT NULL,
  `Activo` tinyint(1) NOT NULL DEFAULT 1,
  `Foto` mediumblob DEFAULT NULL,
  PRIMARY KEY (`Id`),
  UNIQUE KEY `ixUsuario_Usuario` (`Usuario`)
) ENGINE=InnoDB AUTO_INCREMENT=11 DEFAULT CHARSET=utf8mb3;

-- Volcando datos para la tabla monedas.usuario: ~8 rows (aproximadamente)
DELETE FROM `usuario`;
INSERT INTO `usuario` (`Id`, `Usuario`, `Nombre`, `Clave`, `Activo`, `Foto`) VALUES
	(1, 'frayosorio', 'Fray León Osorio Rivera', '123', 1, NULL),
	(2, 'jhonfa94', 'Jhon Fabio Cardona', '1234567', 1, NULL),
	(3, 'brid11', 'Brillid', '1234567', 1, NULL),
	(4, 'eli112', 'Elias', 'asdfasdf', 0, NULL),
	(5, 'Fabio22', 'Fabio Cardona', '9823u4jwlkj', 1, NULL),
	(6, 'User', 'prueba', 'q23', 1, NULL),
	(7, 'Willi1121', 'William', '456465', 1, NULL),
	(8, 'juancho', 'Juan Andres Gomila', '$2y$10$EhEvrNhyQmuTgf5BiRq5ju93iQOul//ZKlHn7zXXi.2NvkH1ImheC', 1, NULL),
	(9, 'otrouser', 'Otro usuario', '$2y$10$fQUgTbg8.fjdbCyvHHmZteQTmINoUqmi9Y6FeqTQz7WsHzugkpNRG', 1, NULL),
	(10, 'jfcm', 'Jhon Fabio Cardona', '$2y$10$HavYfDACcpIKQb6vwc.EAuhDn3biaedUN1/TvbctJWEVWm/b1XBBG', 1, NULL);

-- Volcando estructura para vista monedas.vcambiomoneda
DROP VIEW IF EXISTS `vcambiomoneda`;
-- Creando tabla temporal para superar errores de dependencia de VIEW
CREATE TABLE `vcambiomoneda` (
	`Fecha` DATETIME NOT NULL,
	`IdMoneda` INT(11) NOT NULL,
	`Moneda` VARCHAR(100) NOT NULL COLLATE 'utf8mb3_general_ci',
	`Sigla` VARCHAR(5) NOT NULL COLLATE 'utf8mb3_general_ci',
	`Cambio` FLOAT NOT NULL
) ENGINE=MyISAM;

-- Volcando estructura para vista monedas.vpais
DROP VIEW IF EXISTS `vpais`;
-- Creando tabla temporal para superar errores de dependencia de VIEW
CREATE TABLE `vpais` (
	`Id` INT(11) NOT NULL,
	`Pais` VARCHAR(50) NOT NULL COLLATE 'utf8mb3_general_ci',
	`CodigoAlfa2` VARCHAR(5) NOT NULL COLLATE 'utf8mb3_general_ci',
	`CodigoAlfa3` VARCHAR(5) NOT NULL COLLATE 'utf8mb3_general_ci',
	`IdMoneda` INT(11) NOT NULL,
	`Moneda` VARCHAR(100) NOT NULL COLLATE 'utf8mb3_general_ci',
	`Sigla` VARCHAR(5) NOT NULL COLLATE 'utf8mb3_general_ci'
) ENGINE=MyISAM;

-- Volcando estructura para procedimiento monedas.spActualizarCambioMoneda
DROP PROCEDURE IF EXISTS `spActualizarCambioMoneda`;
DELIMITER //
CREATE PROCEDURE `spActualizarCambioMoneda`(
IN IdMoneda int,
IN Fecha date,
IN Cambio float
)
BEGIN
	IF EXISTS(SELECT *
				FROM CambioMoneda
					WHERE IdMoneda=IdMoneda
						AND Fecha=Fecha) THEN
		
		UPDATE CambioMoneda
			SET Cambio=Cambio
			WHERE IdMoneda=IdMoneda
				AND Fecha=Fecha;
	ELSE
		INSERT INTO CambioMoneda 
			(
			IdMoneda, Fecha, Cambio
			)
			VALUES(
			IdMoneda, Fecha, Cambio
			);
	END IF;
END//
DELIMITER ;

-- Volcando estructura para procedimiento monedas.spActualizarMoneda
DROP PROCEDURE IF EXISTS `spActualizarMoneda`;
DELIMITER //
CREATE PROCEDURE `spActualizarMoneda`(
IN IdMoneda int,
IN Moneda varchar(100),
IN Sigla varchar(5),
IN Simbolo varchar(5),
IN Emisor varchar(100)
)
BEGIN
	IF IdMoneda<=0 THEN
		INSERT INTO Moneda 
			(
			Moneda, Sigla, Simbolo, Emisor
			)
			VALUES(
			Moneda, Sigla, Simbolo, Emisor
			);
	ELSE
		UPDATE Moneda
			SET Moneda=Moneda,
			Sigla=Sigla,
			Simbolo=Simbolo, 
			Emisor=Emisor
			WHERE Id =  IdMoneda;
	END IF;
END//
DELIMITER ;

-- Volcando estructura para procedimiento monedas.spActualizarPais
DROP PROCEDURE IF EXISTS `spActualizarPais`;
DELIMITER //
CREATE PROCEDURE `spActualizarPais`(
IN IdPais int,
IN Pais varchar(50),
IN CodigoAlfa2 varchar(5),
IN CodigoAlfa3 varchar(5),
IN IdMoneda int
)
BEGIN
	IF IdPais<=0 THEN
		INSERT INTO Pais 
			(
			Pais, IdMoneda, CodigoAlfa2, CodigoAlfa3
			)
			VALUES(
			Pais, IdMoneda, CodigoAlfa2, CodigoAlfa3
			);
	ELSE
		UPDATE Pais
			SET Pais=Pais,
				IdMoneda=IdMoneda,
				CodigoAlfa2=CodigoAlfa2,
				CodigoAlfa3=CodigoAlfa3
			WHERE Id =  IdPais;
	END IF;
END//
DELIMITER ;

-- Volcando estructura para procedimiento monedas.spBuscarCambioMoneda
DROP PROCEDURE IF EXISTS `spBuscarCambioMoneda`;
DELIMITER //
CREATE PROCEDURE `spBuscarCambioMoneda`(
IN IdMoneda int,
IN Fecha date
)
BEGIN
	SELECT *
		FROM CambioMoneda
			WHERE IdMoneda=IdMoneda
				AND Fecha=Fecha;
END//
DELIMITER ;

-- Volcando estructura para procedimiento monedas.spBuscarMoneda
DROP PROCEDURE IF EXISTS `spBuscarMoneda`;
DELIMITER //
CREATE PROCEDURE `spBuscarMoneda`(
IN Moneda varchar(50)
)
BEGIN
	SELECT Id
		FROM Moneda
			WHERE Moneda=Moneda;
END//
DELIMITER ;

-- Volcando estructura para procedimiento monedas.spBuscarMonedas
DROP PROCEDURE IF EXISTS `spBuscarMonedas`;
DELIMITER //
CREATE PROCEDURE `spBuscarMonedas`(
IN Dato varchar(50),
IN Tipo int
)
BEGIN
	DECLARE InstruccionSQL varchar(1000);
	SET Dato=CONCAT(char(39),Dato,'%',char(39));
	SET InstruccionSQL='SELECT * FROM Moneda';
	IF Tipo=0 THEN
		SET InstruccionSQL=CONCAT(InstruccionSQL,' WHERE Moneda LIKE ',Dato,' AND Id>0');
	ELSEIF Tipo=1 THEN
		SET InstruccionSQL=CONCAT(InstruccionSQL,' WHERE Sigla LIKE ',Dato,' AND Id>0');
	ELSEIF Tipo=2 THEN
		SET InstruccionSQL=CONCAT(InstruccionSQL,' WHERE Emisor LIKE ',Dato,' AND Id>0');
	END IF;
	SET InstruccionSQL=CONCAT(InstruccionSQL,' ORDER BY Moneda');

	SET @InstruccionSQL=InstruccionSQL;
	PREPARE ejecucion FROM @InstruccionSQL;
	EXECUTE ejecucion;
	DEALLOCATE PREPARE ejecucion;

END//
DELIMITER ;

-- Volcando estructura para procedimiento monedas.spBuscarPais
DROP PROCEDURE IF EXISTS `spBuscarPais`;
DELIMITER //
CREATE PROCEDURE `spBuscarPais`(
IN PaisBuscado varchar(50)
)
BEGIN
	SELECT Id
		FROM Pais
			WHERE Pais=PaisBuscado;
END//
DELIMITER ;

-- Volcando estructura para procedimiento monedas.spBuscarPaises
DROP PROCEDURE IF EXISTS `spBuscarPaises`;
DELIMITER //
CREATE PROCEDURE `spBuscarPaises`(
IN Dato varchar(50),
IN Tipo int
)
BEGIN
	DECLARE InstruccionSQL varchar(1000);
	SET Dato=CONCAT(char(39),Dato,'%',char(39));
	SET InstruccionSQL='SELECT * FROM vPais';
	IF Tipo=0 THEN
		SET InstruccionSQL=CONCAT(InstruccionSQL,' WHERE Pais LIKE ',Dato,' AND Id>0');
	ELSEIF Tipo=1 THEN
		SET InstruccionSQL=CONCAT(InstruccionSQL,' WHERE (CodigoAlfa2 LIKE ',Dato,' OR CodigoAlfa3 LIKE ',Dato, ') AND Id>0');
	ELSEIF Tipo=2 THEN
		SET InstruccionSQL=CONCAT(InstruccionSQL,' WHERE (Moneda LIKE ',Dato,' OR Sigla LIKE ',Dato, ') AND Id>0');
	END IF;
	SET InstruccionSQL=CONCAT(InstruccionSQL,' ORDER BY Pais');

	SET @InstruccionSQL=InstruccionSQL;
	PREPARE ejecucion FROM @InstruccionSQL;
	EXECUTE ejecucion;
	DEALLOCATE PREPARE ejecucion;

END//
DELIMITER ;

-- Volcando estructura para procedimiento monedas.spListarCambioMonedas
DROP PROCEDURE IF EXISTS `spListarCambioMonedas`;
DELIMITER //
CREATE PROCEDURE `spListarCambioMonedas`(
)
BEGIN
	SELECT *
		FROM vCambioMoneda
		ORDER BY Moneda, Fecha;
END//
DELIMITER ;

-- Volcando estructura para procedimiento monedas.spListarCambiosMoneda
DROP PROCEDURE IF EXISTS `spListarCambiosMoneda`;
DELIMITER //
CREATE PROCEDURE `spListarCambiosMoneda`(
IN IdMoneda int
)
BEGIN
	SELECT Cambio, Fecha
		FROM CambioMoneda
		WHERE IdMoneda=IdMoneda
		ORDER BY Fecha DESC;
END//
DELIMITER ;

-- Volcando estructura para procedimiento monedas.spListarMonedas
DROP PROCEDURE IF EXISTS `spListarMonedas`;
DELIMITER //
CREATE PROCEDURE `spListarMonedas`()
BEGIN
	SELECT Id, Moneda, Sigla, Simbolo, Emisor
		FROM Moneda
		ORDER BY Moneda;
END//
DELIMITER ;

-- Volcando estructura para procedimiento monedas.spListarPaises
DROP PROCEDURE IF EXISTS `spListarPaises`;
DELIMITER //
CREATE PROCEDURE `spListarPaises`(
)
BEGIN
	SELECT *
		FROM vPais
		WHERE vPais.Id>0
		ORDER BY Pais;
END//
DELIMITER ;

-- Volcando estructura para procedimiento monedas.spValidarAccesoUsuario
DROP PROCEDURE IF EXISTS `spValidarAccesoUsuario`;
DELIMITER //
CREATE PROCEDURE `spValidarAccesoUsuario`(
IN UsuarioV varchar(50),
IN ClaveV varchar(50)
)
BEGIN
	SELECT Id, Usuario, Nombre
		FROM Usuario
		WHERE Usuario=UsuarioV
			AND Clave=ClaveV;
END//
DELIMITER ;

-- Volcando estructura para vista monedas.vcambiomoneda
DROP VIEW IF EXISTS `vcambiomoneda`;
-- Eliminando tabla temporal y crear estructura final de VIEW
DROP TABLE IF EXISTS `vcambiomoneda`;
CREATE ALGORITHM=UNDEFINED SQL SECURITY DEFINER VIEW `vcambiomoneda` AS SELECT Fecha, IdMoneda, Moneda, Sigla, Cambio
	FROM CambioMoneda
		JOIN Moneda
			ON CambioMoneda.IdMoneda=Moneda.Id; ;

-- Volcando estructura para vista monedas.vpais
DROP VIEW IF EXISTS `vpais`;
-- Eliminando tabla temporal y crear estructura final de VIEW
DROP TABLE IF EXISTS `vpais`;
CREATE ALGORITHM=UNDEFINED SQL SECURITY DEFINER VIEW `vpais` AS SELECT Pais.Id, Pais, CodigoAlfa2, CodigoAlfa3, IdMoneda, Moneda, Sigla
	FROM Pais
		JOIN Moneda
			ON Pais.IdMoneda=Moneda.Id; ;

/*!40103 SET TIME_ZONE=IFNULL(@OLD_TIME_ZONE, 'system') */;
/*!40101 SET SQL_MODE=IFNULL(@OLD_SQL_MODE, '') */;
/*!40014 SET FOREIGN_KEY_CHECKS=IFNULL(@OLD_FOREIGN_KEY_CHECKS, 1) */;
/*!40101 SET CHARACTER_SET_CLIENT=@OLD_CHARACTER_SET_CLIENT */;
/*!40111 SET SQL_NOTES=IFNULL(@OLD_SQL_NOTES, 1) */;
